{"stats":{"minecraft:mined":{"minecraft:grass":1,"minecraft:hay_block":4,"minecraft:oak_log":4,"luminousworld:grassvariant_3":1,"minecraft:tall_grass":1,"minecraft:oak_leaves":1},"minecraft:used":{"minecraft:wooden_sword":20,"minecraft:crafting_table":1,"minecraft:bread":6},"minecraft:killed":{"born_in_chaos_v1:corpse_fish":1,"piglet_structures:wheatbug":2},"minecraft:picked_up":{"minecraft:wheat_seeds":1,"piglet_structures:wheatbug_scales":2,"minecraft:hay_block":4,"base_camp:basecamp_treehouse_oak":1,"minecraft:oak_log":4,"born_in_chaos_v1:rotten_fish":1,"minecraft:oak_sapling":2},"minecraft:crafted":{"minecraft:wooden_sword":1,"minecraft:oak_planks":16,"crafting_on_a_stick:crafting_table":1,"minecraft:crafting_table":2,"minecraft:stick":4,"minecraft:bread":12,"minecraft:wooden_pickaxe":1,"minecraft:wheat":36},"minecraft:custom":{"minecraft:time_since_rest":10402,"minecraft:crouch_one_cm":3221,"minecraft:play_time":10402,"minecraft:sprint_one_cm":16889,"minecraft:damage_taken":430,"minecraft:walk_one_cm":5505,"minecraft:sneak_time":2005,"minecraft:walk_under_water_one_cm":2592,"minecraft:mob_kills":3,"minecraft:jump":110,"minecraft:damage_dealt":466,"minecraft:leave_game":1,"minecraft:time_since_death":10402,"minecraft:walk_on_water_one_cm":3963,"minecraft:total_world_time":10402,"minecraft:swim_one_cm":5457,"minecraft:interact_with_crafting_table":3,"minecraft:fall_one_cm":2690,"minecraft:fly_one_cm":27969}},"DataVersion":3465}