{"stats":{"minecraft:killed":{"minecraft:sheep":4,"realmrpg_creep:creepling":1,"born_in_chaos_v1:corpse_fish":1,"piglet_structures:wheatbug":2},"minecraft:mined":{"minecraft:hay_block":31,"minecraft:purple_bed":1,"minecraft:spruce_planks":4,"minecraft:furnace":1,"minecraft:wheat":1,"gravestone:gravestone":1,"minecraft:grass":4,"minecraft:bookshelf":24,"minecraft:grass_block":1,"minecraft:oak_log":4,"minecraft:lantern":1,"minecraft:dirt":4,"luminousworld:grassvariant_3":1,"minecraft:tall_grass":2,"minecraft:stone":12,"minecraft:oak_leaves":1,"minecraft:spawner":1},"minecraft:dropped":{"minecraft:dirt":1,"minecraft:wheat_seeds":2,"piglet_structures:wheatbug_scales":2,"realmrpg_creep:creeping_sprout":1,"minecraft:spruce_planks":2,"minecraft:wheat":2,"gravestone:obituary":4,"base_camp:basecamp_treehouse_oak":1,"meadow:inky_wool":1,"minecraft:white_wool":2},"minecraft:used":{"minecraft:iron_hoe":25,"minecraft:iron_axe":27,"minecraft:bread":11,"piglet_structures:precise_scythe":2,"minecraft:wooden_pickaxe":16,"minecraft:wooden_sword":39,"minecraft:dirt":4,"minecraft:crafting_table":1},"minecraft:custom":{"minecraft:time_since_rest":7119,"minecraft:sprint_one_cm":57122,"minecraft:damage_taken":810,"minecraft:walk_one_cm":22275,"minecraft:mob_kills":8,"minecraft:drop":14,"minecraft:damage_dealt":1038,"minecraft:swim_one_cm":9274,"minecraft:interact_with_crafting_table":3,"minecraft:fly_one_cm":69636,"minecraft:open_barrel":2,"minecraft:open_chest":12,"minecraft:crouch_one_cm":3299,"minecraft:play_time":29631,"minecraft:deaths":1,"minecraft:sneak_time":2022,"minecraft:walk_under_water_one_cm":3952,"minecraft:jump":320,"minecraft:leave_game":1,"minecraft:walk_on_water_one_cm":4571,"minecraft:time_since_death":7089,"minecraft:total_world_time":29631,"minecraft:fall_one_cm":8287},"minecraft:crafted":{"minecraft:wooden_sword":1,"minecraft:oak_planks":16,"minecraft:iron_axe":1,"minecraft:crafting_table":2,"minecraft:stick":12,"minecraft:wooden_pickaxe":1,"minecraft:iron_pickaxe":1,"minecraft:iron_sword":1,"crafting_on_a_stick:crafting_table":1,"minecraft:bread":12,"minecraft:wheat":36},"minecraft:killed_by":{"realmrpg_creep:creepling":1},"minecraft:picked_up":{"minecraft:book":68,"minecraft:wheat":2,"realmrpg_creep:creeping_sprout":1,"piglet_structures:wheatbug_scales":2,"base_camp:basecamp_treehouse_oak":1,"minecraft:oak_log":4,"gravestone:obituary":3,"meadow:inky_wool":1,"minecraft:dirt":5,"minecraft:purple_bed":1,"minecraft:wheat_seeds":17,"minecraft:spruce_planks":5,"minecraft:hay_block":31,"meadow:patched_wool":1,"minecraft:oak_sapling":2,"born_in_chaos_v1:rotten_fish":1,"minecraft:cobblestone":12,"minecraft:mutton":7,"minecraft:egg":3,"minecraft:furnace":1,"minecraft:white_wool":2}},"DataVersion":3465}