{"stats":{"minecraft:killed_by":{"crimson_steves_mobs:minion_redstone_golem":1,"themutantmobsmod:mutant_zombie_villager":1,"crimson_steves_mobs:pavager":1,"darkestsouls:leech":2,"crimson_steves_mobs:cyborg_vindicator":2,"darkestsouls:beast_patient":1},"minecraft:used":{"minecraft:iron_shovel":288,"minecraft:chest":6,"minecraft:shield":1,"minecraft:torch":4,"minecraft:dirt":277,"constructionwand:iron_wand":19,"minecraft:jungle_planks":320,"minecraft:golden_shovel":33,"minecraft:glass":16,"minecraft:iron_axe":908,"minecraft:grass_block":2,"minecraft:jungle_log":4,"minecraft:golden_sword":33,"minecraft:golden_carrot":6,"luminousworld:auburn_door":2,"minecraft:furnace":1,"simplytools:stone_excavator":195,"alexsmobs:banana":2,"trailsandtalesplus:orange":7,"trailsandtalesplus:banana":8,"luminousworld:autumnplank":9,"minecraft:water_bucket":32,"minecraft:birch_planks":141,"minecraft:oak_planks":203,"minecraft:mossy_cobblestone":3,"minecraft:crafting_table":2,"minecraft:blast_furnace":2,"minecraft:blue_stained_glass_pane":4,"luminousworld:creepberries":2,"minecraft:oak_log":315,"minecraft:bread":51,"minecraft:iron_pickaxe":80,"minecraft:chiseled_stone_bricks":6,"minecraft:bucket":32,"minecraft:yellow_bed":3,"minecraft:experience_bottle":2},"minecraft:crafted":{"minecraft:oak_planks":208,"simplytools:stone_excavator":1,"minecraft:blue_stained_glass_pane":16,"minecraft:furnace":1,"minecraft:stone":3,"minecraft:glass":59,"minecraft:iron_axe":4,"minecraft:chest":4,"simplytools:stone_excavator_head":1,"minecraft:wheat":144,"minecraft:blue_stained_glass":8,"luminousworld:autumnplank":28,"minecraft:crafting_table":1,"luminousworld:auburn_door":3,"constructionwand:iron_wand":2,"minecraft:golden_shovel":1,"minecraft:birch_planks":136,"crafting_on_a_stick:crafting_table":1,"minecraft:bread":48,"minecraft:air":0,"minecraft:jungle_planks":416,"minecraft:blue_dye":1,"minecraft:shield":1,"constructionwand:core_angel":1,"minecraft:stick":12,"minecraft:iron_ingot":11,"minecraft:iron_shovel":1},"minecraft:mined":{"minecraft:stone_pressure_plate":1,"minecraft:blue_stained_glass_pane":4,"minecraft:mossy_cobblestone":4,"luminousworld:grassvariant_4":6,"minecraft:purple_candle":1,"minecraft:brewing_stand":1,"gravestone:gravestone":9,"minecraft:grass_block":372,"minecraft:jungle_planks":48,"minecraft:jungle_log":203,"luminousworld:grassvariant_2":7,"luminousworld:savanna_grass_2":2,"minecraft:chiseled_stone_bricks":6,"minecraft:spawner":2,"minecraft:hay_block":49,"minecraft:oak_trapdoor":1,"minecraft:barrel":1,"minecraft:andesite":5,"minecraft:anvil":1,"minecraft:peony":2,"minecraft:gold_block":4,"minecraft:enchanting_table":1,"minecraft:bookshelf":30,"minecraft:vine":20,"minecraft:stone":35,"luminousworld:creepbush":7,"expore:exp_ore":2,"minecraft:crafting_table":2,"luminousworld:savannah_grass_1":3,"minecraft:blast_furnace":2,"minecraft:melon":1,"minecraft:chest":2,"luminousworld:auburnlog":14,"luminousworld:grassflowers":1,"minecraft:tall_grass":15,"minecraft:grindstone":1,"minecraft:oak_planks":44,"minecraft:diorite":2,"minecraft:birch_planks":4,"minecraft:birch_log":37,"luminousworld:autumnplank":1,"minecraft:yellow_bed":3,"minecraft:grass":106,"minecraft:oak_log":320,"minecraft:coal_ore":10,"minecraft:gravel":8,"minecraft:sand":76,"minecraft:dirt":50,"luminousworld:grassvariant_3":2,"luminousworld:savannah_grass_4":2,"luminousworld:elephant_grass":2,"minecraft:oak_leaves":3,"minecraft:fern":20},"minecraft:picked_up":{"minecraft:cocoa_beans":8,"luminousworld:groundpebbles_1":9,"minecraft:crafting_table":2,"illagerinvasion:platinum_chunk":3,"minecraft:chicken":2,"minecraft:anvil":1,"minecraft:leather_leggings":1,"minecraft:gold_block":4,"gravestone:obituary":2,"minecraft:brewing_stand":1,"minecraft:string":1,"minecraft:oak_trapdoor":1,"minecraft:iron_axe":1,"minecraft:armor_stand":2,"alexsmobs:banana":2,"minecraft:jungle_sapling":17,"minecraft:poppy":9,"minecraft:melon_slice":4,"minecraft:chest":2,"minecraft:birch_sapling":2,"minecraft:stick":87,"luminousworld:auburnlog":14,"minecraft:stone":1,"minecraft:porkchop":11,"trailsandtalesplus:orange":7,"minecraft:diorite":2,"born_in_chaos_v1:nightmare_claw":1,"minecraft:carrot":2,"minecraft:stone_pressure_plate":4,"minecraft:purple_candle":4,"luminousworld:grassflowers":2,"minecraft:arrow":7,"minecraft:rotten_flesh":2,"minecraft:peony":8,"minecraft:hay_block":48,"minecraft:mutton":11,"minecraft:cobblestone":35,"minecraft:white_wool":1,"minecraft:birch_log":34,"minecraft:enchanting_table":1,"minecraft:feather":2,"born_in_chaos_v1:monster_flesh":3,"minecraft:andesite":3,"minecraft:jungle_log":172,"minecraft:birch_planks":4,"minecraft:flint":1,"minecraft:oak_log":306,"minecraft:yellow_bed":3,"minecraft:dirt":421,"born_in_chaos_v1:monster_skin":3,"minecraft:bone":2,"minecraft:apple":26,"trailsandtalesplus:banana":59,"minecraft:wheat_seeds":56,"minecraft:grindstone":1,"luminousworld:elephant_grass":1,"luminousworld:autumnplank":1,"minecraft:acacia_sapling":3,"minecraft:oak_planks":44,"minecraft:book":84,"patchouli:guide_book":1,"minecraft:chiseled_stone_bricks":6,"luminousworld:creepberries":13,"minecraft:dandelion":2,"base_camp:basecamp_treehouse_spruce":1,"minecraft:gravel":7,"minecraft:sand":74,"minecraft:jungle_planks":46,"minecraft:blast_furnace":2,"minecraft:mossy_cobblestone":5,"minecraft:leather_helmet":1,"luminousworld:auburn_sapling":4,"minecraft:emerald":16,"minecraft:oak_sapling":111,"minecraft:coal":10},"minecraft:custom":{"minecraft:mob_kills":33,"minecraft:interact_with_crafting_table":17,"minecraft:open_barrel":22,"minecraft:leave_game":7,"minecraft:time_since_death":24830,"minecraft:climb_one_cm":12802,"minecraft:sprint_one_cm":813163,"minecraft:walk_one_cm":300164,"minecraft:damage_blocked_by_shield":40,"minecraft:drop":51,"minecraft:talked_to_villager":1,"minecraft:play_time":289218,"minecraft:sneak_time":10795,"minecraft:deaths":9,"minecraft:walk_under_water_one_cm":22657,"minecraft:interact_with_brewingstand":1,"minecraft:jump":3556,"minecraft:interact_with_blast_furnace":7,"minecraft:walk_on_water_one_cm":71068,"minecraft:enchant_item":1,"minecraft:total_world_time":289218,"minecraft:interact_with_furnace":5,"minecraft:sleep_in_bed":13,"minecraft:time_since_rest":9121,"minecraft:damage_taken":6436,"minecraft:use_wand":132,"minecraft:damage_dealt":6540,"minecraft:swim_one_cm":61612,"minecraft:fly_one_cm":870576,"minecraft:open_chest":100,"minecraft:crouch_one_cm":26878,"minecraft:fall_one_cm":86793,"minecraft:inspect_dispenser":1},"minecraft:dropped":{"minecraft:wheat_seeds":33,"minecraft:mossy_cobblestone":2,"luminousworld:creepberries":8,"minecraft:apple":12,"minecraft:leather_helmet":1,"minecraft:stick":4,"minecraft:emerald":10,"mca:book_romance":1,"gravestone:obituary":11,"minecraft:iron_axe":1,"minecraft:sand":1,"minecraft:dandelion":2,"minecraft:bone":3,"minecraft:armor_stand":2,"minecraft:oak_trapdoor":1,"minecraft:iron_nugget":2,"minecraft:cocoa_beans":2,"simplytools:stone_excavator":1,"minecraft:wheat":2,"patchouli:guide_book":1,"minecraft:poppy":9,"luminousworld:grassflowers":1,"minecraft:stone":2,"luminousworld:groundpebbles_1":2,"minecraft:leather_boots":1,"minecraft:acacia_sapling":3},"minecraft:broken":{"minecraft:iron_shovel":1,"minecraft:golden_boots":1,"minecraft:leather_leggings":1,"minecraft:golden_shovel":1,"minecraft:iron_axe":3},"minecraft:killed":{"player_companions:small_slime":2,"themutantmobsmod:mutant_zombie_villager":1,"minecraft:spider":1,"minecraft:vindicator":1,"born_in_chaos_v1:maggot":2,"minecraft:chicken":1,"darkestsouls:beast_patient":1,"minecraft:drowned":1,"minecraft:pig":4,"crimson_steves_mobs:creesteve":1,"crimson_steves_mobs:zombie_pig":2,"minecraft:sheep":5,"minecraft:pillager":3,"minecraft:zombie":2,"crimson_steves_mobs:zombie_pillager":1,"alexsmobs:terrapin":1,"born_in_chaos_v1:nightmare_stalker":1}},"DataVersion":3465}