{"stats":{"minecraft:killed_by":{"themutantmobsmod:mutant_zombie_villager":1,"crimson_steves_mobs:pavager":1,"darkestsouls:leech":2,"darkestsouls:beast_patient":1},"minecraft:mined":{"minecraft:stone_pressure_plate":1,"minecraft:mossy_cobblestone":4,"luminousworld:grassvariant_4":6,"minecraft:purple_candle":1,"minecraft:brewing_stand":1,"gravestone:gravestone":6,"minecraft:grass_block":370,"minecraft:jungle_planks":5,"minecraft:jungle_log":174,"luminousworld:grassvariant_2":7,"luminousworld:savanna_grass_2":2,"minecraft:chiseled_stone_bricks":6,"minecraft:spawner":2,"minecraft:hay_block":49,"minecraft:oak_trapdoor":1,"minecraft:barrel":1,"minecraft:andesite":5,"minecraft:anvil":1,"minecraft:peony":2,"minecraft:gold_block":4,"minecraft:enchanting_table":1,"minecraft:bookshelf":30,"minecraft:vine":16,"minecraft:stone":18,"luminousworld:creepbush":7,"expore:exp_ore":2,"minecraft:crafting_table":2,"luminousworld:savannah_grass_1":3,"minecraft:blast_furnace":2,"minecraft:melon":1,"minecraft:chest":2,"luminousworld:auburnlog":14,"luminousworld:grassflowers":1,"minecraft:tall_grass":15,"minecraft:grindstone":1,"minecraft:oak_planks":44,"minecraft:diorite":2,"minecraft:birch_planks":4,"minecraft:birch_log":37,"minecraft:yellow_bed":3,"minecraft:grass":97,"minecraft:oak_log":302,"minecraft:coal_ore":10,"minecraft:gravel":8,"minecraft:sand":21,"minecraft:dirt":47,"luminousworld:grassvariant_3":2,"luminousworld:savannah_grass_4":2,"luminousworld:elephant_grass":2,"minecraft:oak_leaves":2,"minecraft:fern":17},"minecraft:picked_up":{"minecraft:cocoa_beans":8,"luminousworld:groundpebbles_1":8,"minecraft:crafting_table":2,"illagerinvasion:platinum_chunk":2,"minecraft:chicken":1,"minecraft:anvil":1,"minecraft:leather_leggings":1,"minecraft:gold_block":4,"gravestone:obituary":1,"minecraft:brewing_stand":1,"minecraft:string":1,"minecraft:oak_trapdoor":1,"minecraft:iron_axe":1,"minecraft:armor_stand":2,"alexsmobs:banana":2,"minecraft:jungle_sapling":17,"minecraft:poppy":9,"minecraft:melon_slice":4,"minecraft:chest":2,"minecraft:birch_sapling":2,"minecraft:stick":82,"luminousworld:auburnlog":14,"trailsandtalesplus:orange":7,"minecraft:porkchop":11,"minecraft:diorite":2,"born_in_chaos_v1:nightmare_claw":1,"minecraft:carrot":2,"minecraft:stone_pressure_plate":4,"minecraft:purple_candle":4,"minecraft:rotten_flesh":2,"luminousworld:grassflowers":1,"minecraft:arrow":5,"minecraft:peony":8,"minecraft:hay_block":48,"minecraft:mutton":11,"minecraft:cobblestone":18,"minecraft:white_wool":1,"minecraft:birch_log":34,"minecraft:enchanting_table":1,"born_in_chaos_v1:monster_flesh":3,"minecraft:jungle_log":143,"minecraft:andesite":3,"minecraft:birch_planks":4,"minecraft:flint":1,"minecraft:oak_log":288,"minecraft:yellow_bed":3,"minecraft:dirt":417,"born_in_chaos_v1:monster_skin":3,"minecraft:bone":2,"minecraft:apple":25,"trailsandtalesplus:banana":58,"minecraft:wheat_seeds":53,"minecraft:grindstone":1,"luminousworld:elephant_grass":1,"minecraft:acacia_sapling":3,"minecraft:oak_planks":44,"minecraft:book":84,"patchouli:guide_book":1,"minecraft:chiseled_stone_bricks":6,"luminousworld:creepberries":13,"minecraft:dandelion":2,"base_camp:basecamp_treehouse_spruce":1,"minecraft:gravel":7,"minecraft:jungle_planks":5,"minecraft:sand":20,"minecraft:blast_furnace":2,"minecraft:leather_helmet":1,"minecraft:mossy_cobblestone":5,"luminousworld:auburn_sapling":4,"minecraft:emerald":15,"minecraft:oak_sapling":108,"minecraft:coal":10},"minecraft:used":{"minecraft:iron_shovel":288,"minecraft:chest":6,"minecraft:shield":1,"minecraft:dirt":277,"minecraft:jungle_planks":157,"minecraft:golden_shovel":33,"minecraft:grass_block":2,"minecraft:iron_axe":811,"minecraft:jungle_log":4,"minecraft:golden_sword":16,"minecraft:golden_carrot":6,"simplytools:stone_excavator":135,"alexsmobs:banana":2,"trailsandtalesplus:orange":4,"trailsandtalesplus:banana":7,"minecraft:water_bucket":32,"minecraft:birch_planks":141,"minecraft:oak_planks":203,"minecraft:mossy_cobblestone":3,"minecraft:crafting_table":2,"minecraft:blast_furnace":2,"luminousworld:creepberries":2,"minecraft:oak_log":240,"minecraft:bread":42,"minecraft:iron_pickaxe":61,"minecraft:chiseled_stone_bricks":6,"minecraft:bucket":32,"minecraft:yellow_bed":3,"minecraft:experience_bottle":2},"minecraft:killed":{"player_companions:small_slime":2,"themutantmobsmod:mutant_zombie_villager":1,"minecraft:spider":1,"minecraft:vindicator":1,"born_in_chaos_v1:maggot":2,"darkestsouls:beast_patient":1,"minecraft:drowned":1,"minecraft:pig":4,"crimson_steves_mobs:creesteve":1,"crimson_steves_mobs:zombie_pig":2,"minecraft:sheep":5,"minecraft:pillager":3,"minecraft:zombie":2,"crimson_steves_mobs:zombie_pillager":1,"alexsmobs:terrapin":1,"born_in_chaos_v1:nightmare_stalker":1},"minecraft:dropped":{"minecraft:wheat_seeds":33,"minecraft:mossy_cobblestone":2,"luminousworld:creepberries":8,"minecraft:apple":12,"minecraft:leather_helmet":1,"minecraft:stick":4,"minecraft:emerald":10,"mca:book_romance":1,"gravestone:obituary":7,"minecraft:iron_axe":1,"minecraft:sand":1,"minecraft:dandelion":2,"minecraft:bone":3,"minecraft:armor_stand":2,"minecraft:oak_trapdoor":1,"minecraft:iron_nugget":2,"minecraft:cocoa_beans":2,"minecraft:wheat":2,"patchouli:guide_book":1,"minecraft:poppy":9,"luminousworld:grassflowers":1,"luminousworld:groundpebbles_1":2,"minecraft:leather_boots":1,"minecraft:acacia_sapling":3},"minecraft:broken":{"minecraft:iron_shovel":1,"minecraft:golden_boots":1,"minecraft:leather_leggings":1,"minecraft:golden_shovel":1,"minecraft:iron_axe":2},"minecraft:custom":{"minecraft:mob_kills":31,"minecraft:interact_with_crafting_table":11,"minecraft:open_barrel":22,"minecraft:leave_game":6,"minecraft:time_since_death":78064,"minecraft:climb_one_cm":11578,"minecraft:sprint_one_cm":724628,"minecraft:walk_one_cm":244379,"minecraft:damage_blocked_by_shield":40,"minecraft:drop":44,"minecraft:talked_to_villager":1,"minecraft:play_time":244261,"minecraft:deaths":6,"minecraft:sneak_time":8645,"minecraft:walk_under_water_one_cm":11568,"minecraft:jump":3082,"minecraft:interact_with_brewingstand":1,"minecraft:interact_with_blast_furnace":6,"minecraft:walk_on_water_one_cm":61858,"minecraft:enchant_item":1,"minecraft:total_world_time":244261,"minecraft:sleep_in_bed":10,"minecraft:time_since_rest":2727,"minecraft:damage_taken":5002,"minecraft:damage_dealt":6318,"minecraft:swim_one_cm":50403,"minecraft:fly_one_cm":799278,"minecraft:open_chest":88,"minecraft:crouch_one_cm":22606,"minecraft:fall_one_cm":73965,"minecraft:inspect_dispenser":1},"minecraft:crafted":{"minecraft:oak_planks":208,"simplytools:stone_excavator":1,"minecraft:iron_axe":4,"minecraft:chest":4,"simplytools:stone_excavator_head":1,"minecraft:wheat":144,"minecraft:crafting_table":1,"constructionwand:iron_wand":1,"minecraft:golden_shovel":1,"minecraft:birch_planks":136,"crafting_on_a_stick:crafting_table":1,"minecraft:bread":48,"minecraft:air":0,"minecraft:jungle_planks":180,"minecraft:shield":1,"minecraft:stick":12,"minecraft:iron_ingot":11,"minecraft:iron_shovel":1}},"DataVersion":3465}