{"stats":{"minecraft:killed_by":{"darkestsouls:leech":2,"themutantmobsmod:mutant_zombie_villager":1},"minecraft:used":{"minecraft:water_bucket":19,"minecraft:chest":2,"minecraft:shield":1,"minecraft:mossy_cobblestone":3,"minecraft:dirt":4,"minecraft:iron_axe":201,"minecraft:bread":19,"minecraft:iron_pickaxe":20,"minecraft:golden_carrot":6,"minecraft:bucket":19,"minecraft:experience_bottle":2},"minecraft:crafted":{"minecraft:oak_planks":24,"crafting_on_a_stick:crafting_table":1,"minecraft:bread":48,"minecraft:shield":1,"minecraft:iron_axe":1,"minecraft:stick":4,"minecraft:iron_ingot":4,"minecraft:chest":2,"minecraft:wheat":144},"minecraft:mined":{"expore:exp_ore":2,"minecraft:mossy_cobblestone":4,"luminousworld:grassvariant_4":3,"minecraft:purple_candle":1,"minecraft:brewing_stand":1,"minecraft:crafting_table":1,"luminousworld:savannah_grass_1":3,"gravestone:gravestone":3,"minecraft:blast_furnace":2,"minecraft:grass_block":2,"minecraft:melon":1,"luminousworld:auburnlog":7,"luminousworld:grassvariant_2":2,"minecraft:tall_grass":11,"minecraft:grindstone":1,"luminousworld:savanna_grass_2":2,"minecraft:spawner":1,"minecraft:hay_block":49,"minecraft:oak_trapdoor":1,"minecraft:barrel":1,"minecraft:anvil":1,"minecraft:yellow_bed":1,"minecraft:peony":2,"minecraft:enchanting_table":1,"minecraft:grass":39,"minecraft:bookshelf":30,"minecraft:oak_log":44,"minecraft:vine":3,"minecraft:sand":2,"minecraft:dirt":2,"minecraft:stone":6,"luminousworld:elephant_grass":2,"luminousworld:savannah_grass_4":2,"minecraft:oak_leaves":2,"minecraft:fern":5},"minecraft:picked_up":{"minecraft:enchanting_table":1,"luminousworld:groundpebbles_1":3,"minecraft:crafting_table":1,"illagerinvasion:platinum_chunk":2,"born_in_chaos_v1:monster_flesh":3,"minecraft:anvil":1,"minecraft:leather_leggings":1,"minecraft:oak_log":44,"minecraft:brewing_stand":1,"minecraft:yellow_bed":1,"minecraft:oak_trapdoor":1,"minecraft:dirt":4,"minecraft:iron_axe":1,"born_in_chaos_v1:monster_skin":3,"minecraft:armor_stand":2,"minecraft:apple":15,"minecraft:wheat_seeds":14,"minecraft:grindstone":1,"luminousworld:elephant_grass":1,"minecraft:melon_slice":4,"minecraft:acacia_sapling":3,"minecraft:book":84,"minecraft:stick":16,"luminousworld:auburnlog":7,"patchouli:guide_book":1,"base_camp:basecamp_treehouse_spruce":1,"minecraft:porkchop":8,"minecraft:sand":1,"minecraft:blast_furnace":2,"born_in_chaos_v1:nightmare_claw":1,"minecraft:mossy_cobblestone":5,"minecraft:leather_helmet":1,"minecraft:purple_candle":4,"minecraft:arrow":5,"minecraft:peony":8,"minecraft:hay_block":48,"luminousworld:auburn_sapling":4,"minecraft:emerald":15,"minecraft:oak_sapling":21,"minecraft:mutton":11,"minecraft:white_wool":1,"minecraft:cobblestone":6},"minecraft:custom":{"minecraft:mob_kills":24,"minecraft:open_barrel":22,"minecraft:leave_game":2,"minecraft:time_since_death":40911,"minecraft:sleep_in_bed":1,"minecraft:climb_one_cm":7100,"minecraft:time_since_rest":41006,"minecraft:sprint_one_cm":290180,"minecraft:damage_taken":1968,"minecraft:walk_one_cm":65603,"minecraft:damage_blocked_by_shield":40,"minecraft:drop":21,"minecraft:damage_dealt":4607,"minecraft:swim_one_cm":21739,"minecraft:fly_one_cm":368417,"minecraft:open_chest":42,"minecraft:crouch_one_cm":2653,"minecraft:play_time":87976,"minecraft:deaths":3,"minecraft:sneak_time":1251,"minecraft:walk_under_water_one_cm":4727,"minecraft:interact_with_brewingstand":1,"minecraft:jump":1513,"minecraft:walk_on_water_one_cm":39931,"minecraft:enchant_item":1,"minecraft:total_world_time":87976,"minecraft:inspect_dispenser":1,"minecraft:fall_one_cm":35198},"minecraft:dropped":{"minecraft:iron_nugget":2,"minecraft:mossy_cobblestone":2,"minecraft:wheat":2,"minecraft:apple":12,"minecraft:leather_helmet":1,"patchouli:guide_book":1,"minecraft:stick":4,"minecraft:emerald":10,"mca:book_romance":1,"minecraft:leather_boots":1,"gravestone:obituary":3,"minecraft:iron_axe":1,"minecraft:sand":1,"minecraft:bone":3,"minecraft:armor_stand":2},"minecraft:killed":{"player_companions:small_slime":2,"minecraft:pig":3,"themutantmobsmod:mutant_zombie_villager":1,"minecraft:vindicator":1,"crimson_steves_mobs:creesteve":1,"crimson_steves_mobs:zombie_pig":2,"born_in_chaos_v1:maggot":2,"minecraft:sheep":5,"minecraft:pillager":3,"minecraft:zombie":1,"crimson_steves_mobs:zombie_pillager":1,"alexsmobs:terrapin":1,"born_in_chaos_v1:nightmare_stalker":1}},"DataVersion":3465}