{"stats":{"minecraft:dropped":{"minecraft:wheat_seeds":33,"piglet_structures:wheatbug_scales":2,"minecraft:lantern":1,"minecraft:jungle_planks":4,"minecraft:dirt":4,"minecraft:gray_wool":1,"gravestone:obituary":13,"minecraft:iron_axe":1,"meadow:inky_wool":1,"minecraft:white_wool":2,"minecraft:spruce_sapling":1,"darkestsouls:blood_stone_fragment":1,"minecraft:wheat":2,"born_in_chaos_v1:rotten_fish":1,"luminousworld:yellow_grassflowers":1,"realmrpg_creep:creeping_sprout":1,"minecraft:spruce_planks":2,"base_camp:basecamp_treehouse_oak":1},"minecraft:mined":{"minecraft:tuff":3,"minecraft:spruce_planks":4,"luminousworld:grassvariant_4":1,"minecraft:deepslate_diamond_ore":12,"minecraft:dark_oak_log":39,"gravestone:gravestone":5,"minecraft:granite":7,"meadow:patched_wool":1,"minecraft:grass_block":5,"minecraft:jungle_log":141,"luminousworld:grassvariant_2":1,"darkestsouls:deepslate_siderite_ore":1,"luminousworld:blackberrybush":1,"minecraft:spawner":3,"minecraft:hay_block":38,"minecraft:furnace":1,"minecraft:iron_ore":14,"piglet_structures:ender_crystalic_ice":1,"minecraft:stripped_spruce_log":1,"minecraft:deepslate_lapis_ore":6,"minecraft:peony":1,"minecraft:enchanting_table":1,"minecraft:bookshelf":33,"minecraft:dirt_path":2,"minecraft:vine":19,"minecraft:deepslate_iron_ore":25,"minecraft:lantern":1,"minecraft:bamboo":1,"minecraft:stone":27,"minecraft:deepslate_redstone_ore":4,"minecraft:redstone_block":2,"expore:exp_ore":25,"luminousworld:blueberrybush":2,"minecraft:smoker":1,"born_in_chaos_v1:infected_deepslate_diamond_ore":1,"minecraft:crafting_table":1,"expore:deepslate_exp_ore":20,"minecraft:rose_bush":1,"minecraft:stone_slab":1,"minecraft:tall_grass":10,"minecraft:cobblestone":1,"deep_dark_regrowth:overloaded_sculk":1,"minecraft:deepslate_gold_ore":7,"minecraft:sculk":1,"minecraft:stone_stairs":1,"minecraft:purple_bed":1,"minecraft:birch_log":13,"minecraft:wheat":1,"minecraft:grass":33,"minecraft:oak_log":11,"minecraft:coal_ore":30,"deep_dark_regrowth:large_infected_mushroom":1,"minecraft:purple_concrete_powder":1,"minecraft:sand":1,"minecraft:dirt":12,"luminousworld:grassvariant_3":1,"minecraft:oak_leaves":7,"minecraft:deepslate":6,"minecraft:fern":9},"minecraft:killed_by":{"darkestsouls:cloaked_beast_patient":2,"realmrpg_creep:creepling":1,"darkestsouls:ashen_blood_beast_patient":1,"darkestsouls:leech":1,"darkestsouls:beast_patient":2,"born_in_chaos_v1:door_knight":1},"minecraft:killed":{"ddenizens:headless":1,"born_in_chaos_v1:zombie_lumberjack":1,"darkestsouls:skeleton_curved_swords":1,"minecraft:spider":9,"darkestsouls:church_doctor_scythe":1,"piglet_structures:wheatbug":2,"illagerinvasion:basher":1,"born_in_chaos_v1:scarlet_persecutor":1,"born_in_chaos_v1:maggot":2,"piglet_structures:the_redstone":1,"minecraft:chicken":2,"darkestsouls:skeleton_falchion":1,"darkestsouls:church_doctor_pistol":1,"illagerinvasion:provoker":1,"darkestsouls:beast_patient":3,"undead_revamp2:thehorrors":1,"born_in_chaos_v1:corpse_fish":1,"darkestsouls:hollow_longsword":1,"darkestsouls:hollow_assassin":1,"born_in_chaos_v1:fallen_chaos_knight":1,"realmrpg_creep:creepling":2,"undead_revamp2:the_moonflower":3,"piglet_structures:the_redstone_small":5,"minecraft:sheep":11,"darkestsouls:skeleton_spear":4,"minecraft:pillager":1,"enemyexpansion:meature":1,"minecraft:zombie":7,"born_in_chaos_v1:corpse_fly":1,"darkestsouls:cloaked_beast_patient":3,"meadow:wooly_cow":3,"minecraft:cow":3},"minecraft:custom":{"minecraft:mob_kills":80,"minecraft:interact_with_crafting_table":4,"minecraft:open_barrel":2,"minecraft:damage_dealt_resisted":844,"minecraft:leave_game":8,"minecraft:time_since_death":9456,"minecraft:climb_one_cm":5702,"minecraft:sprint_one_cm":590836,"minecraft:walk_one_cm":210092,"minecraft:damage_blocked_by_shield":260,"minecraft:drop":44,"minecraft:play_time":357711,"minecraft:sneak_time":7336,"minecraft:deaths":8,"minecraft:walk_under_water_one_cm":15078,"minecraft:interact_with_brewingstand":1,"minecraft:jump":3546,"minecraft:walk_on_water_one_cm":52114,"minecraft:total_world_time":357711,"minecraft:time_since_rest":9515,"minecraft:damage_taken":7051,"minecraft:damage_dealt":19171,"minecraft:swim_one_cm":49337,"minecraft:fly_one_cm":894876,"minecraft:open_chest":43,"minecraft:crouch_one_cm":11636,"minecraft:interact_with_smoker":5,"minecraft:fall_one_cm":99517},"minecraft:picked_up":{"minecraft:charcoal":2,"luminousworld:groundpebbles_1":15,"minecraft:crafting_table":1,"born_in_chaos_v1:diamond_termite_shard":1,"minecraft:wheat":3,"minecraft:redstone_block":2,"illagerinvasion:platinum_chunk":1,"minecraft:splash_potion":1,"minecraft:chicken":2,"gravestone:obituary":9,"darkestsouls:beast_blood_clump":1,"minecraft:string":7,"minecraft:iron_axe":2,"darkestsouls:rune_fragment":4,"minecraft:cobbled_deepslate":11,"alexsmobs:banana":3,"minecraft:spruce_planks":5,"minecraft:beef":13,"minecraft:jungle_sapling":9,"minecraft:birch_sapling":6,"minecraft:furnace":1,"minecraft:egg":3,"minecraft:dark_oak_sapling":3,"minecraft:stick":71,"minecraft:raw_iron":39,"piglet_structures:cranberry_cupcake":1,"darkestsouls:soul_fragment":1,"trailsandtalesplus:orange":8,"minecraft:cherry_log":2,"minecraft:carrot":4,"minecraft:redstone":36,"meadow:inky_wool":3,"crafting_on_a_stick:crafting_table":1,"minecraft:rotten_flesh":10,"luminousworld:yellow_grassflowers":1,"luminousworld:soft_birch_log":2,"deep_dark_regrowth:large_infected_mushroom":1,"minecraft:hay_block":38,"minecraft:carved_pumpkin":1,"minecraft:mutton":17,"minecraft:white_wool":4,"minecraft:cobblestone":27,"minecraft:birch_log":10,"minecraft:enchanting_table":1,"born_in_chaos_v1:corpse_maggot":1,"minecraft:feather":2,"minecraft:water_bucket":1,"minecraft:jungle_log":154,"minecraft:leather":3,"minecraft:smoker":1,"realmrpg_creep:creeping_sprout":1,"base_camp:basecamp_treehouse_oak":1,"minecraft:tuff":3,"minecraft:oak_log":9,"minecraft:lapis_lazuli":40,"mca:book_romance":1,"minecraft:dirt":22,"minecraft:lantern":1,"born_in_chaos_v1:marigolds":2,"minecraft:bone":1,"minecraft:apple":2,"minecraft:wheat_seeds":71,"trailsandtalesplus:banana":37,"minecraft:raw_gold":7,"minecraft:iron_ingot":3,"meadow:patched_wool":4,"darkestsouls:blood_stone_fragment":1,"minecraft:bamboo":14,"minecraft:iron_sword":1,"meadow:umbra_wool":3,"darkestsouls:bone_fragment":1,"minecraft:book":95,"luminousworld:clovers_1":7,"piglet_structures:wheatbug_scales":2,"minecraft:jungle_planks":4,"minecraft:spruce_sapling":2,"minecraft:dark_oak_log":39,"minecraft:spider_eye":4,"minecraft:purple_bed":1,"minecraft:diamond":12,"minecraft:granite":7,"minecraft:gray_wool":2,"minecraft:emerald":1,"minecraft:oak_sapling":28,"born_in_chaos_v1:rotten_fish":1,"minecraft:coal":30},"minecraft:used":{"minecraft:chest":6,"minecraft:spruce_planks":25,"minecraft:shield":7,"minecraft:iron_sword":382,"minecraft:torch":10,"minecraft:dirt":28,"minecraft:mutton":5,"minecraft:iron_hoe":25,"minecraft:wooden_axe":2,"piglet_structures:cranberry_cupcake":1,"minecraft:lantern":3,"minecraft:iron_axe":218,"minecraft:grass_block":71,"trailsandtalesplus:orange":8,"minecraft:cooked_beef":12,"meadow:patched_wool":1,"trailsandtalesplus:banana":2,"minecraft:cooked_mutton":2,"minecraft:water_bucket":23,"minecraft:oak_planks":3,"piglet_structures:precise_scythe":2,"minecraft:wooden_pickaxe":16,"minecraft:crafting_table":1,"minecraft:smoker":1,"minecraft:diamond_pickaxe":35,"minecraft:apple":2,"minecraft:iron_pickaxe":160,"minecraft:bread":68,"minecraft:stone_axe":73,"minecraft:wooden_sword":39,"minecraft:cobblestone":14,"minecraft:bucket":25,"minecraft:splash_potion":1},"minecraft:crafted":{"minecraft:wooden_sword":1,"minecraft:oak_planks":32,"minecraft:cooked_mutton":5,"minecraft:iron_boots":1,"minecraft:iron_axe":1,"minecraft:chest":8,"minecraft:dark_oak_planks":16,"minecraft:wheat":225,"minecraft:cooked_beef":13,"minecraft:crafting_table":3,"minecraft:spruce_planks":64,"minecraft:iron_helmet":1,"minecraft:wooden_pickaxe":1,"minecraft:iron_sword":1,"minecraft:birch_planks":4,"crafting_on_a_stick:crafting_table":3,"minecraft:stone_axe":1,"minecraft:air":0,"minecraft:bread":75,"minecraft:jungle_planks":56,"minecraft:iron_chestplate":1,"minecraft:diamond_pickaxe":1,"minecraft:shield":1,"minecraft:stick":60,"minecraft:iron_pickaxe":2,"minecraft:iron_leggings":1,"minecraft:torch":84}},"DataVersion":3465}