{"stats":{"minecraft:picked_up":{"minecraft:enchanting_table":1,"luminousworld:groundpebbles_1":10,"minecraft:wheat":2,"illagerinvasion:platinum_chunk":1,"minecraft:water_bucket":1,"minecraft:jungle_log":154,"realmrpg_creep:creeping_sprout":1,"base_camp:basecamp_treehouse_oak":1,"minecraft:oak_log":8,"gravestone:obituary":4,"mca:book_romance":1,"minecraft:dirt":9,"minecraft:string":1,"minecraft:lantern":1,"minecraft:iron_axe":2,"born_in_chaos_v1:marigolds":2,"minecraft:apple":1,"minecraft:wheat_seeds":58,"trailsandtalesplus:banana":37,"alexsmobs:banana":3,"minecraft:spruce_planks":5,"minecraft:iron_ingot":2,"meadow:patched_wool":1,"minecraft:jungle_sapling":9,"minecraft:bamboo":14,"minecraft:iron_sword":1,"minecraft:furnace":1,"minecraft:egg":3,"minecraft:book":95,"minecraft:stick":67,"piglet_structures:cranberry_cupcake":1,"piglet_structures:wheatbug_scales":2,"minecraft:jungle_planks":4,"minecraft:spruce_sapling":2,"meadow:inky_wool":1,"minecraft:spider_eye":2,"crafting_on_a_stick:crafting_table":1,"minecraft:purple_bed":1,"minecraft:hay_block":31,"minecraft:emerald":1,"born_in_chaos_v1:rotten_fish":1,"minecraft:oak_sapling":28,"minecraft:mutton":7,"minecraft:white_wool":2,"minecraft:cobblestone":13},"minecraft:custom":{"minecraft:mob_kills":17,"minecraft:interact_with_crafting_table":3,"minecraft:open_barrel":2,"minecraft:leave_game":3,"minecraft:time_since_death":80806,"minecraft:climb_one_cm":5112,"minecraft:time_since_rest":81012,"minecraft:sprint_one_cm":272602,"minecraft:damage_taken":2481,"minecraft:walk_one_cm":76068,"minecraft:damage_blocked_by_shield":110,"minecraft:drop":22,"minecraft:damage_dealt":4415,"minecraft:swim_one_cm":29630,"minecraft:fly_one_cm":369235,"minecraft:crouch_one_cm":4807,"minecraft:open_chest":28,"minecraft:play_time":128604,"minecraft:deaths":2,"minecraft:sneak_time":3129,"minecraft:walk_under_water_one_cm":6779,"minecraft:jump":1684,"minecraft:walk_on_water_one_cm":25904,"minecraft:total_world_time":128604,"minecraft:fall_one_cm":51133},"minecraft:killed_by":{"darkestsouls:leech":1,"realmrpg_creep:creepling":1},"minecraft:crafted":{"minecraft:wooden_sword":1,"minecraft:oak_planks":32,"minecraft:crafting_table":2,"minecraft:wooden_pickaxe":1,"minecraft:iron_helmet":1,"minecraft:iron_sword":1,"crafting_on_a_stick:crafting_table":1,"minecraft:bread":54,"minecraft:jungle_planks":36,"minecraft:iron_boots":1,"minecraft:iron_chestplate":1,"minecraft:shield":1,"minecraft:iron_axe":1,"minecraft:stick":12,"minecraft:iron_pickaxe":1,"minecraft:chest":4,"minecraft:iron_leggings":1,"minecraft:wheat":162},"minecraft:killed":{"born_in_chaos_v1:fallen_chaos_knight":1,"realmrpg_creep:creepling":1,"minecraft:spider":1,"crimson_steves_mobs:creesteve":1,"piglet_structures:wheatbug":2,"illagerinvasion:basher":1,"born_in_chaos_v1:scarlet_persecutor":1,"minecraft:sheep":4,"minecraft:pillager":1,"minecraft:zombie":1,"illagerinvasion:provoker":1,"born_in_chaos_v1:corpse_fish":1,"undead_revamp2:thehorrors":1},"minecraft:used":{"trailsandtalesplus:banana":2,"minecraft:water_bucket":23,"minecraft:oak_planks":3,"minecraft:wooden_pickaxe":16,"piglet_structures:precise_scythe":2,"minecraft:chest":2,"minecraft:shield":4,"minecraft:iron_sword":75,"minecraft:dirt":6,"minecraft:crafting_table":1,"minecraft:iron_hoe":25,"minecraft:apple":1,"minecraft:iron_axe":218,"minecraft:bread":42,"minecraft:iron_pickaxe":12,"minecraft:wooden_sword":39,"minecraft:cobblestone":13,"minecraft:bucket":24},"minecraft:dropped":{"minecraft:wheat_seeds":24,"piglet_structures:wheatbug_scales":2,"minecraft:wheat":2,"born_in_chaos_v1:rotten_fish":1,"minecraft:lantern":1,"minecraft:jungle_planks":4,"minecraft:dirt":1,"realmrpg_creep:creeping_sprout":1,"minecraft:spruce_planks":2,"gravestone:obituary":6,"minecraft:iron_axe":1,"base_camp:basecamp_treehouse_oak":1,"meadow:inky_wool":1,"minecraft:white_wool":2,"minecraft:spruce_sapling":1},"minecraft:mined":{"minecraft:spruce_planks":4,"expore:exp_ore":9,"gravestone:gravestone":2,"minecraft:grass_block":2,"minecraft:jungle_log":141,"minecraft:rose_bush":1,"minecraft:tall_grass":3,"minecraft:cobblestone":1,"luminousworld:blackberrybush":1,"minecraft:spawner":1,"minecraft:hay_block":31,"minecraft:purple_bed":1,"minecraft:furnace":1,"minecraft:wheat":1,"piglet_structures:ender_crystalic_ice":1,"minecraft:stripped_spruce_log":1,"minecraft:peony":1,"minecraft:enchanting_table":1,"minecraft:grass":11,"minecraft:bookshelf":33,"minecraft:oak_log":11,"minecraft:vine":13,"minecraft:lantern":1,"minecraft:purple_concrete_powder":1,"minecraft:sand":1,"minecraft:dirt":7,"luminousworld:grassvariant_3":1,"minecraft:bamboo":1,"minecraft:stone":12,"minecraft:oak_leaves":7,"minecraft:fern":8}},"DataVersion":3465}