{"stats":{"minecraft:killed":{"realmrpg_creep:creepling":1,"piglet_structures:wheatbug":2,"minecraft:sheep":4,"born_in_chaos_v1:corpse_fish":1},"minecraft:mined":{"minecraft:spruce_planks":4,"gravestone:gravestone":1,"minecraft:grass_block":1,"minecraft:tall_grass":2,"minecraft:spawner":1,"minecraft:hay_block":31,"minecraft:purple_bed":1,"minecraft:furnace":1,"minecraft:wheat":1,"minecraft:enchanting_table":1,"minecraft:grass":4,"minecraft:bookshelf":33,"minecraft:oak_log":4,"minecraft:lantern":1,"minecraft:purple_concrete_powder":1,"minecraft:dirt":4,"luminousworld:grassvariant_3":1,"minecraft:stone":12,"minecraft:oak_leaves":1},"minecraft:used":{"piglet_structures:precise_scythe":2,"minecraft:wooden_pickaxe":16,"minecraft:dirt":4,"minecraft:crafting_table":1,"minecraft:iron_hoe":25,"minecraft:iron_axe":37,"minecraft:bread":14,"minecraft:iron_pickaxe":1,"minecraft:wooden_sword":39},"minecraft:dropped":{"minecraft:wheat_seeds":24,"piglet_structures:wheatbug_scales":2,"minecraft:wheat":2,"born_in_chaos_v1:rotten_fish":1,"minecraft:lantern":1,"minecraft:dirt":1,"realmrpg_creep:creeping_sprout":1,"minecraft:spruce_planks":2,"gravestone:obituary":4,"base_camp:basecamp_treehouse_oak":1,"meadow:inky_wool":1,"minecraft:white_wool":2},"minecraft:custom":{"minecraft:mob_kills":8,"minecraft:interact_with_crafting_table":3,"minecraft:open_barrel":2,"minecraft:leave_game":2,"minecraft:time_since_death":8858,"minecraft:time_since_rest":8888,"minecraft:sprint_one_cm":63458,"minecraft:damage_taken":810,"minecraft:walk_one_cm":23641,"minecraft:drop":17,"minecraft:damage_dealt":1038,"minecraft:swim_one_cm":9274,"minecraft:fly_one_cm":78481,"minecraft:open_chest":14,"minecraft:crouch_one_cm":3299,"minecraft:play_time":31400,"minecraft:deaths":1,"minecraft:sneak_time":2022,"minecraft:walk_under_water_one_cm":3952,"minecraft:jump":370,"minecraft:walk_on_water_one_cm":4571,"minecraft:total_world_time":31400,"minecraft:fall_one_cm":9599},"minecraft:crafted":{"minecraft:wooden_sword":1,"minecraft:oak_planks":16,"minecraft:crafting_table":2,"minecraft:wooden_pickaxe":1,"minecraft:iron_sword":1,"crafting_on_a_stick:crafting_table":1,"minecraft:bread":54,"minecraft:iron_axe":1,"minecraft:stick":12,"minecraft:iron_pickaxe":1,"minecraft:wheat":162},"minecraft:killed_by":{"realmrpg_creep:creepling":1},"minecraft:picked_up":{"minecraft:enchanting_table":1,"minecraft:wheat":2,"realmrpg_creep:creeping_sprout":1,"base_camp:basecamp_treehouse_oak":1,"minecraft:oak_log":4,"gravestone:obituary":3,"minecraft:dirt":5,"minecraft:lantern":1,"minecraft:wheat_seeds":24,"minecraft:spruce_planks":5,"meadow:patched_wool":1,"minecraft:furnace":1,"minecraft:egg":3,"minecraft:book":95,"piglet_structures:wheatbug_scales":2,"meadow:inky_wool":1,"minecraft:purple_bed":1,"minecraft:hay_block":31,"born_in_chaos_v1:rotten_fish":1,"minecraft:oak_sapling":2,"minecraft:mutton":7,"minecraft:white_wool":2,"minecraft:cobblestone":12}},"DataVersion":3465}