{"stats":{"minecraft:picked_up":{"minecraft:stick":3,"minecraft:feather":2,"base_camp:basecamp_tent":1,"minecraft:chicken":1,"minecraft:wheat_seeds":1,"minecraft:spruce_sapling":4,"minecraft:grass_block":1},"minecraft:used":{"minecraft:birch_planks":317,"minecraft:grass_block":26,"alexsmobs:animal_dictionary":1,"minecraft:bone_meal":71,"minecraft:spruce_sapling":23},"minecraft:dropped":{"minecraft:wheat_seeds":1,"minecraft:grass_block":2},"minecraft:custom":{"minecraft:open_chest":2,"minecraft:time_since_rest":47494,"minecraft:crouch_one_cm":5702,"minecraft:play_time":47494,"minecraft:sprint_one_cm":52532,"minecraft:walk_one_cm":23984,"minecraft:sneak_time":2234,"minecraft:walk_under_water_one_cm":1147,"minecraft:mob_kills":1,"minecraft:drop":3,"minecraft:jump":199,"minecraft:damage_dealt":200,"minecraft:time_since_death":47494,"minecraft:walk_on_water_one_cm":3464,"minecraft:total_world_time":47494,"minecraft:climb_one_cm":680,"minecraft:fly_one_cm":852225},"minecraft:killed":{"minecraft:chicken":1}},"DataVersion":3465}