{"stats":{"minecraft:mined":{"minecraft:white_bed":2,"minecraft:glass_pane":1,"luminousworld:purple_petunias":1,"minecraft:smoker":2,"minecraft:cherry_log":5,"gravestone:gravestone":2,"minecraft:grass_block":1,"minecraft:campfire":1,"luminousworld:grassvariant_2":1,"minecraft:tall_grass":11,"minecraft:hay_block":28,"minecraft:furnace":2,"minecraft:grass":28,"minecraft:bookshelf":6,"minecraft:oak_log":3,"minecraft:cherry_leaves":10,"minecraft:dirt":3,"luminousworld:grassvariant_3":1,"minecraft:stone":10,"minecraft:oak_leaves":7},"minecraft:crafted":{"minecraft:cherry_planks":20,"minecraft:oak_planks":8,"minecraft:crafting_table":2,"minecraft:wooden_pickaxe":1,"crafting_on_a_stick:crafting_table":2,"minecraft:stone_axe":1,"minecraft:bread":15,"minecraft:stick":12,"minecraft:stone_sword":1,"minecraft:wheat":45},"minecraft:killed":{"minecraft:pig":4,"minecraft:sheep":5,"minecraft:cow":2},"minecraft:used":{"minecraft:stone_sword":22,"minecraft:diamond_hoe":24,"minecraft:wooden_pickaxe":17,"minecraft:dirt":2,"minecraft:white_bed":1,"minecraft:apple":9,"minecraft:bread":15,"minecraft:stone_axe":31,"minecraft:potato":6},"minecraft:dropped":{"alexsmobs:animal_dictionary":1,"minecraft:cherry_sapling":1,"minecraft:stick":2,"gravestone:obituary":6},"minecraft:picked_up":{"minecraft:charcoal":2,"minecraft:leather":2,"minecraft:smoker":2,"base_camp:basecamp_treehouse_oak":1,"minecraft:oak_log":3,"gravestone:obituary":2,"minecraft:dirt":4,"minecraft:wheat_seeds":1,"minecraft:beef":2,"meadow:patched_wool":3,"minecraft:furnace":2,"minecraft:book":18,"minecraft:stick":2,"minecraft:porkchop":8,"minecraft:cherry_log":5,"minecraft:white_bed":2,"meadow:inky_wool":1,"alexsmobs:animal_dictionary":1,"minecraft:hay_block":26,"minecraft:cherry_sapling":1,"minecraft:gray_wool":1,"minecraft:mutton":6,"minecraft:cobblestone":10},"minecraft:killed_by":{"mutantmonsters:mutant_skeleton":2,"darkestsouls:hollow_longsword":1,"alexsmobs:tiger":3},"minecraft:custom":{"minecraft:mob_kills":12,"minecraft:open_barrel":1,"minecraft:leave_game":4,"minecraft:time_since_death":29583,"minecraft:sleep_in_bed":2,"minecraft:climb_one_cm":818,"minecraft:time_since_rest":14309,"minecraft:sprint_one_cm":140000,"minecraft:damage_taken":2483,"minecraft:walk_one_cm":49979,"minecraft:drop":10,"minecraft:damage_dealt":1111,"minecraft:swim_one_cm":15396,"minecraft:fly_one_cm":246350,"minecraft:open_chest":11,"minecraft:crouch_one_cm":5865,"minecraft:play_time":62044,"minecraft:deaths":6,"minecraft:sneak_time":2898,"minecraft:walk_under_water_one_cm":1517,"minecraft:jump":1095,"minecraft:walk_on_water_one_cm":2578,"minecraft:interact_with_smoker":2,"minecraft:total_world_time":62044,"minecraft:fall_one_cm":41514}},"DataVersion":3465}