{"stats":{"minecraft:mined":{"gravestone:gravestone":1,"minecraft:oak_log":3,"minecraft:tall_grass":1,"minecraft:oak_leaves":4},"minecraft:picked_up":{"base_camp:basecamp_treehouse_oak":1,"minecraft:cherry_sapling":1,"minecraft:oak_log":3,"gravestone:obituary":1,"alexsmobs:animal_dictionary":1},"minecraft:dropped":{"gravestone:obituary":2,"alexsmobs:animal_dictionary":1,"minecraft:cherry_sapling":1},"minecraft:killed_by":{"alexsmobs:tiger":1},"minecraft:custom":{"minecraft:open_chest":2,"minecraft:time_since_rest":12377,"minecraft:crouch_one_cm":1242,"minecraft:play_time":13846,"minecraft:sprint_one_cm":16700,"minecraft:walk_one_cm":10811,"minecraft:damage_taken":230,"minecraft:deaths":1,"minecraft:sneak_time":295,"minecraft:drop":4,"minecraft:jump":126,"minecraft:leave_game":2,"minecraft:time_since_death":12337,"minecraft:interact_with_smoker":2,"minecraft:climb_one_cm":515,"minecraft:total_world_time":13846,"minecraft:fall_one_cm":3739,"minecraft:fly_one_cm":25499}},"DataVersion":3465}