{"stats":{"minecraft:broken":{"minecraft:leather_leggings":1,"minecraft:iron_boots":1,"simplytools:iron_excavator":1,"minecraft:iron_axe":2,"minecraft:iron_sword":1},"minecraft:picked_up":{"luminousworld:groundpebbles_1":1,"minecraft:charcoal":7,"minecraft:iron_chestplate":1,"minecraft:coarse_dirt":1,"minecraft:wheat":10,"illagerinvasion:platinum_chunk":1,"minecraft:turtle_helmet":1,"minecraft:leather_leggings":1,"minecraft:lead":2,"minecraft:potion":4,"minecraft:stripped_cherry_log":2,"gravestone:obituary":2,"minecraft:brewing_stand":2,"minecraft:string":2,"minecraft:red_bed":3,"minecraft:iron_axe":1,"alexsmobs:ancient_dart":1,"born_in_chaos_v1:intoxicating_decoction":2,"minecraft:armor_stand":2,"terramity:accursed_soul":14,"irons_spellbooks:arcane_essence":1,"minecraft:beef":2,"frozen_zombie_castle:frozen_rotten_flesh":2,"minecraft:chest":1,"minecraft:furnace":3,"minecraft:stick":224,"minecraft:cherry_stairs":11,"minecraft:copper_ingot":2,"minecraft:porkchop":34,"minecraft:cherry_log":372,"minecraft:trident":2,"minecraft:carrot":1,"minecraft:redstone":2,"meadow:inky_wool":1,"minecraft:arrow":20,"minecraft:rotten_flesh":33,"minecraft:hay_block":26,"minecraft:mutton":6,"minecraft:snowball":105,"lookinsharp:tonic_artifact":1,"minecraft:cobblestone":20,"born_in_chaos_v1:corpse_maggot":1,"minecraft:pink_petals":326,"minecraft:cherry_planks":112,"minecraft:leather":4,"minecraft:smoker":5,"realmrpg_creep:creeping_sprout":1,"base_camp:basecamp_treehouse_oak":1,"minecraft:oak_log":3,"undead_revamp2:huntereye":1,"minecraft:cherry_door":3,"minecraft:dirt":494,"minecraft:paper":12,"minecraft:leather_boots":3,"minecraft:glass":16,"minecraft:bone":6,"minecraft:bow":1,"minecraft:wheat_seeds":22,"minecraft:wild_armor_trim_smithing_template":2,"meadow:patched_wool":3,"meadow:cobbled_limestone":2,"minecraft:glowstone_dust":1,"minecraft:mangrove_planks":1,"minecraft:book":30,"minecraft:cooked_porkchop":12,"minecraft:sweet_berries":4,"minecraft:sand":247,"minecraft:spruce_sapling":54,"minecraft:white_bed":7,"minecraft:spruce_log":120,"alexsmobs:animal_dictionary":1,"minecraft:diamond":1,"minecraft:cherry_sapling":306,"minecraft:gray_wool":1,"minecraft:chainmail_helmet":2,"minecraft:bread":2,"minecraft:emerald":8,"minecraft:oak_sapling":1,"irons_spellbooks:scroll":1},"minecraft:mined":{"undead_revamp2:arapholia":1,"minecraft:dark_oak_planks":2,"minecraft:spruce_planks":4,"minecraft:white_bed":8,"luminousworld:grassvariant_4":6,"minecraft:cherry_log":401,"minecraft:cherry_sapling":1,"minecraft:stripped_cherry_log":2,"minecraft:brewing_stand":1,"gravestone:gravestone":11,"minecraft:grass_block":338,"luminousworld:grassvariant_2":2,"luminousworld:decorative_brown_mushroom_1":1,"luminousworld:blackberrybush":4,"minecraft:spruce_leaves":2,"minecraft:spawner":5,"minecraft:large_fern":3,"minecraft:hay_block":28,"minecraft:spruce_sapling":2,"minecraft:furnace":3,"minecraft:carrots":1,"minecraft:snow":106,"minecraft:bookshelf":10,"minecraft:pointed_dripstone":2,"minecraft:stone":16,"minecraft:cherry_stairs":11,"minecraft:glass_pane":2,"minecraft:cherry_planks":130,"minecraft:red_bed":3,"luminousworld:blueberrybush":2,"luminousworld:purple_petunias":1,"minecraft:smoker":5,"minecraft:chest":1,"minecraft:campfire":1,"minecraft:glass":2,"minecraft:tall_grass":40,"minecraft:cobblestone":2,"minecraft:pink_petals":89,"minecraft:spruce_stairs":2,"minecraft:coarse_dirt":1,"minecraft:sweet_berry_bush":1,"minecraft:spruce_log":123,"minecraft:cherry_door":1,"meadow:limestone":2,"minecraft:grass":133,"minecraft:oak_log":3,"minecraft:cherry_leaves":16,"minecraft:sand":205,"minecraft:gravel":1,"minecraft:dirt":145,"luminousworld:grassvariant_3":3,"minecraft:cobweb":2,"minecraft:stone_bricks":2,"minecraft:oak_leaves":13,"minecraft:fern":4,"minecraft:diamond_ore":1},"minecraft:used":{"minecraft:cherry_sapling":4,"minecraft:trident":19,"minecraft:stone_sword":62,"minecraft:diamond_hoe":24,"minecraft:chest":7,"minecraft:shield":3,"minecraft:iron_sword":423,"minecraft:torch":1,"minecraft:dirt":58,"minecraft:carrot":21,"minecraft:snowball":34,"minecraft:glass":48,"minecraft:grass_block":1,"minecraft:iron_axe":710,"minecraft:furnace":3,"minecraft:cooked_beef":2,"minecraft:potato":6,"minecraft:cherry_log":129,"minecraft:cooked_mutton":6,"minecraft:mangrove_planks":359,"minecraft:wooden_pickaxe":17,"minecraft:cherry_planks":1034,"minecraft:stripped_mangrove_wood":181,"minecraft:red_bed":2,"minecraft:white_bed":7,"minecraft:spruce_log":3,"minecraft:smoker":3,"minecraft:apple":15,"minecraft:cherry_door":6,"minecraft:bread":78,"minecraft:iron_pickaxe":28,"minecraft:spruce_sapling":10,"minecraft:stone_axe":35,"minecraft:pink_petals":2,"minecraft:cobblestone":6,"minecraft:cherry_stairs":24,"minecraft:porkchop":1,"minecraft:cooked_porkchop":30,"simplytools:iron_excavator":792,"minecraft:stripped_cherry_log":1},"minecraft:dropped":{"born_in_chaos_v1:intoxicating_decoction":2,"minecraft:wheat_seeds":18,"minecraft:cooked_porkchop":10,"minecraft:cobblestone":2,"minecraft:leather":4,"minecraft:mangrove_planks":1,"minecraft:chainmail_helmet":2,"minecraft:stick":4,"irons_spellbooks:scroll":1,"minecraft:dirt":334,"minecraft:brewing_stand":1,"minecraft:potion":4,"irons_spellbooks:arcane_essence":1,"gravestone:obituary":16,"minecraft:iron_axe":1,"minecraft:sand":1,"minecraft:iron_pickaxe":2,"minecraft:pink_petals":175,"minecraft:bone":2,"minecraft:armor_stand":2,"minecraft:sweet_berries":2,"alexsmobs:animal_dictionary":1,"minecraft:coarse_dirt":1,"minecraft:wheat":2,"minecraft:cherry_sapling":101,"minecraft:rotten_flesh":13,"minecraft:carrot":1,"minecraft:chainmail_chestplate":1,"meadow:cobbled_limestone":2,"realmrpg_creep:creeping_sprout":1,"luminousworld:groundpebbles_1":1,"born_in_chaos_v1:corpse_maggot":1,"minecraft:leather_boots":2,"minecraft:oak_sapling":1,"terramity:accursed_soul":5,"minecraft:arrow":15,"minecraft:wooden_pickaxe":1,"exploration_:sword_blueprint":1},"minecraft:killed_by":{"undead_revamp2:clogger":1,"alexsmobs:tiger":3,"realmrpg_creep:halloweed":1,"breeze_mob_mod:breeze":1,"terramity:dungeon_sentry":2,"mutantmonsters:mutant_skeleton":2,"darkestsouls:beast_patient":1,"darkestsouls:hollow_longsword":1},"minecraft:custom":{"minecraft:mob_kills":78,"minecraft:open_barrel":27,"minecraft:damage_dealt_resisted":2704,"minecraft:leave_game":7,"minecraft:time_since_death":4654,"minecraft:climb_one_cm":5902,"minecraft:sprint_one_cm":1188215,"minecraft:walk_one_cm":445126,"minecraft:damage_blocked_by_shield":120,"minecraft:drop":118,"minecraft:talked_to_villager":2,"minecraft:play_time":396585,"minecraft:deaths":16,"minecraft:sneak_time":22575,"minecraft:walk_under_water_one_cm":17067,"minecraft:interact_with_brewingstand":1,"minecraft:jump":6172,"minecraft:walk_on_water_one_cm":44282,"minecraft:total_world_time":396585,"minecraft:interact_with_furnace":11,"minecraft:sleep_in_bed":16,"minecraft:time_since_rest":4690,"minecraft:damage_taken":11033,"minecraft:damage_dealt":16152,"minecraft:swim_one_cm":84131,"minecraft:fly_one_cm":1524995,"minecraft:open_chest":88,"minecraft:crouch_one_cm":61641,"minecraft:interact_with_smoker":10,"minecraft:fall_one_cm":201652},"minecraft:crafted":{"minecraft:cherry_planks":872,"minecraft:oak_planks":8,"minecraft:cooked_mutton":6,"simplytools:iron_excavator":2,"minecraft:glass":32,"minecraft:iron_axe":2,"minecraft:cherry_stairs":24,"minecraft:chest":10,"minecraft:wheat":109,"minecraft:cooked_beef":2,"minecraft:cooked_porkchop":26,"minecraft:spruce_planks":64,"minecraft:crafting_table":2,"simplytools:iron_excavator_head":2,"minecraft:wooden_pickaxe":1,"minecraft:iron_sword":1,"crafting_on_a_stick:crafting_table":2,"minecraft:stone_axe":1,"minecraft:bread":39,"minecraft:air":0,"minecraft:stick":12,"minecraft:iron_pickaxe":1,"minecraft:stone_sword":1,"minecraft:cherry_door":3},"minecraft:killed":{"darkestsouls:gravetender_hollow_longsword":1,"ddenizens:headless":2,"undead_revamp2:thehunter":4,"minecraft:witch":1,"realmrpg_creep:halloweed":1,"born_in_chaos_v1:zombie_clown_not_despawn":1,"minecraft:vindicator":1,"luminousworld:frost_bitten_skeleton":2,"undead_revamp2:thesmoker":2,"born_in_chaos_v1:thornshell_crab":1,"breeze_mob_mod:breeze":1,"born_in_chaos_v1:maggot":1,"minecraft:skeleton":3,"darkestsouls:hollow_broken_straightsword":1,"frozen_zombie_castle:frozen_zombie":1,"minecraft:drowned":1,"terramity:cave_gnome":1,"darkestsouls:hollow_longsword":1,"darkestsouls:hollow_assassin":1,"undead_revamp2:sucker":3,"undead_revamp2:thespitter":1,"ddenizens:skeleton_warrior":1,"minecraft:pig":15,"piglet_structures:skeleton_fly":2,"undead_revamp2:the_moonflower":6,"enemyexpansion:sprinter":1,"minecraft:wandering_trader":1,"irons_spellbooks:necromancer":1,"minecraft:sheep":5,"minecraft:pillager":4,"enemyexpansion:meature":2,"minecraft:cow":2}},"DataVersion":3465}