{"stats":{"minecraft:picked_up":{"minecraft:feather":2,"base_camp:basecamp_tent":1,"minecraft:chicken":1,"minecraft:wheat_seeds":1,"minecraft:grass_block":1},"minecraft:used":{"minecraft:grass_block":1,"alexsmobs:animal_dictionary":1},"minecraft:dropped":{"minecraft:wheat_seeds":1,"minecraft:grass_block":2},"minecraft:custom":{"minecraft:time_since_rest":23494,"minecraft:crouch_one_cm":93,"minecraft:play_time":23494,"minecraft:sprint_one_cm":18052,"minecraft:walk_one_cm":6224,"minecraft:sneak_time":305,"minecraft:walk_under_water_one_cm":1042,"minecraft:mob_kills":1,"minecraft:drop":3,"minecraft:jump":96,"minecraft:damage_dealt":140,"minecraft:time_since_death":23494,"minecraft:walk_on_water_one_cm":2423,"minecraft:total_world_time":23494,"minecraft:climb_one_cm":680,"minecraft:fly_one_cm":523842},"minecraft:killed":{"minecraft:chicken":1}},"DataVersion":3465}