{"stats":{"minecraft:custom":{"minecraft:time_since_rest":39743,"minecraft:open_chest":1,"minecraft:crouch_one_cm":286,"minecraft:play_time":39743,"minecraft:sprint_one_cm":68880,"minecraft:walk_one_cm":15667,"minecraft:sneak_time":922,"minecraft:jump":305,"minecraft:damage_dealt":20,"minecraft:leave_game":1,"minecraft:time_since_death":39743,"minecraft:walk_on_water_one_cm":2267,"minecraft:total_world_time":39743,"minecraft:fall_one_cm":685,"minecraft:fly_one_cm":837551},"minecraft:used":{"minecraft:water_bucket":23,"minecraft:dirt":1,"minecraft:grass_block":234,"minecraft:bucket":19},"minecraft:picked_up":{"luminousworld:groundpebbles_1":2,"minecraft:stick":4,"base_camp:basecamp_tent":1,"minecraft:wheat_seeds":9,"trailsandtalesplus:orange":5,"minecraft:oak_sapling":10}},"DataVersion":3465}