{"stats":{"minecraft:killed":{"minecraft:sheep":5,"minecraft:pig":4,"minecraft:cow":2},"minecraft:crafted":{"minecraft:cherry_planks":20,"minecraft:oak_planks":8,"minecraft:crafting_table":2,"minecraft:stick":12,"minecraft:wooden_pickaxe":1,"minecraft:stone_sword":1,"crafting_on_a_stick:crafting_table":2,"minecraft:stone_axe":1,"minecraft:bread":15,"minecraft:wheat":45},"minecraft:custom":{"minecraft:time_since_rest":8390,"minecraft:sprint_one_cm":137549,"minecraft:damage_taken":2483,"minecraft:walk_one_cm":49150,"minecraft:mob_kills":12,"minecraft:drop":10,"minecraft:damage_dealt":1111,"minecraft:swim_one_cm":11767,"minecraft:open_barrel":1,"minecraft:fly_one_cm":243629,"minecraft:open_chest":11,"minecraft:crouch_one_cm":5863,"minecraft:play_time":56125,"minecraft:deaths":6,"minecraft:sneak_time":2822,"minecraft:walk_under_water_one_cm":334,"minecraft:jump":1054,"minecraft:leave_game":3,"minecraft:walk_on_water_one_cm":1798,"minecraft:time_since_death":23664,"minecraft:sleep_in_bed":2,"minecraft:interact_with_smoker":2,"minecraft:climb_one_cm":818,"minecraft:total_world_time":56125,"minecraft:fall_one_cm":40827},"minecraft:picked_up":{"minecraft:book":18,"minecraft:charcoal":2,"minecraft:stick":2,"minecraft:leather":2,"minecraft:smoker":2,"minecraft:porkchop":8,"base_camp:basecamp_treehouse_oak":1,"minecraft:oak_log":3,"minecraft:cherry_log":5,"gravestone:obituary":2,"minecraft:white_bed":2,"meadow:inky_wool":1,"alexsmobs:animal_dictionary":1,"minecraft:wheat_seeds":1,"minecraft:hay_block":26,"minecraft:beef":2,"meadow:patched_wool":3,"minecraft:cherry_sapling":1,"minecraft:gray_wool":1,"minecraft:mutton":6,"minecraft:cobblestone":10,"minecraft:furnace":2},"minecraft:killed_by":{"darkestsouls:hollow_longsword":1,"mutantmonsters:mutant_skeleton":2,"alexsmobs:tiger":3},"minecraft:used":{"minecraft:stone_sword":22,"minecraft:apple":9,"minecraft:diamond_hoe":24,"minecraft:bread":14,"minecraft:wooden_pickaxe":17,"minecraft:stone_axe":31,"minecraft:white_bed":1,"minecraft:potato":6},"minecraft:dropped":{"alexsmobs:animal_dictionary":1,"minecraft:cherry_sapling":1,"gravestone:obituary":6,"minecraft:stick":2},"minecraft:mined":{"minecraft:hay_block":28,"minecraft:white_bed":2,"minecraft:glass_pane":1,"minecraft:furnace":2,"minecraft:smoker":2,"luminousworld:purple_petunias":1,"minecraft:cherry_log":5,"gravestone:gravestone":2,"minecraft:bookshelf":6,"minecraft:grass":28,"minecraft:oak_log":3,"minecraft:cherry_leaves":10,"minecraft:campfire":1,"luminousworld:grassvariant_2":1,"luminousworld:grassvariant_3":1,"minecraft:tall_grass":11,"minecraft:stone":10,"minecraft:oak_leaves":7}},"DataVersion":3465}