{"stats":{"minecraft:custom":{"minecraft:jump":298,"minecraft:open_chest":1,"minecraft:time_since_rest":35464,"minecraft:damage_dealt":20,"minecraft:crouch_one_cm":286,"minecraft:walk_on_water_one_cm":684,"minecraft:sprint_one_cm":65925,"minecraft:play_time":35464,"minecraft:walk_one_cm":15197,"minecraft:time_since_death":35464,"minecraft:sneak_time":853,"minecraft:total_world_time":35464,"minecraft:fall_one_cm":685,"minecraft:fly_one_cm":804932},"minecraft:used":{"minecraft:dirt":1,"minecraft:water_bucket":14,"minecraft:grass_block":207},"minecraft:picked_up":{"trailsandtalesplus:orange":4,"minecraft:stick":4,"luminousworld:groundpebbles_1":2,"base_camp:basecamp_tent":1,"minecraft:oak_sapling":10}},"DataVersion":3465}