{"stats":{"minecraft:dropped":{"born_in_chaos_v1:intoxicating_decoction":2,"minecraft:wheat_seeds":1,"alexsmobs:animal_dictionary":1,"minecraft:cherry_sapling":1,"minecraft:leather":4,"minecraft:chainmail_helmet":2,"minecraft:chainmail_chestplate":1,"minecraft:stick":2,"irons_spellbooks:scroll":1,"minecraft:brewing_stand":1,"minecraft:leather_boots":2,"terramity:accursed_soul":5,"minecraft:potion":4,"irons_spellbooks:arcane_essence":1,"gravestone:obituary":10,"minecraft:arrow":15,"minecraft:wooden_pickaxe":1,"minecraft:iron_pickaxe":2,"minecraft:bone":2,"minecraft:armor_stand":2},"minecraft:custom":{"minecraft:mob_kills":30,"minecraft:open_barrel":27,"minecraft:damage_dealt_resisted":168,"minecraft:leave_game":6,"minecraft:time_since_death":57885,"minecraft:sleep_in_bed":7,"minecraft:climb_one_cm":3935,"minecraft:time_since_rest":37573,"minecraft:sprint_one_cm":492764,"minecraft:damage_taken":4956,"minecraft:walk_one_cm":117891,"minecraft:damage_blocked_by_shield":40,"minecraft:drop":46,"minecraft:damage_dealt":4650,"minecraft:swim_one_cm":58415,"minecraft:fly_one_cm":800543,"minecraft:open_chest":30,"minecraft:crouch_one_cm":7478,"minecraft:play_time":157870,"minecraft:deaths":10,"minecraft:sneak_time":3556,"minecraft:walk_under_water_one_cm":12499,"minecraft:interact_with_brewingstand":1,"minecraft:jump":3134,"minecraft:walk_on_water_one_cm":29482,"minecraft:total_world_time":157870,"minecraft:interact_with_smoker":2,"minecraft:fall_one_cm":104649},"minecraft:mined":{"undead_revamp2:arapholia":1,"minecraft:spruce_planks":4,"minecraft:white_bed":8,"minecraft:glass_pane":1,"minecraft:cherry_planks":2,"luminousworld:grassvariant_4":6,"minecraft:smoker":2,"luminousworld:purple_petunias":1,"minecraft:cherry_log":5,"minecraft:brewing_stand":1,"gravestone:gravestone":5,"minecraft:grass_block":4,"minecraft:campfire":1,"luminousworld:grassvariant_2":2,"minecraft:tall_grass":18,"luminousworld:decorative_brown_mushroom_1":1,"minecraft:cobblestone":2,"minecraft:spawner":3,"minecraft:spruce_stairs":2,"minecraft:hay_block":28,"minecraft:furnace":2,"minecraft:grass":39,"minecraft:bookshelf":10,"minecraft:pointed_dripstone":2,"minecraft:oak_log":3,"minecraft:cherry_leaves":10,"minecraft:gravel":1,"minecraft:dirt":9,"luminousworld:grassvariant_3":2,"minecraft:cobweb":2,"minecraft:stone":16,"minecraft:stone_bricks":2,"minecraft:oak_leaves":7,"minecraft:fern":1,"minecraft:dark_oak_planks":2},"minecraft:killed":{"ddenizens:headless":1,"minecraft:pig":12,"piglet_structures:skeleton_fly":2,"born_in_chaos_v1:zombie_clown_not_despawn":1,"minecraft:vindicator":1,"irons_spellbooks:necromancer":1,"minecraft:sheep":5,"minecraft:skeleton":1,"minecraft:pillager":1,"darkestsouls:hollow_broken_straightsword":1,"minecraft:drowned":1,"minecraft:cow":2},"minecraft:crafted":{"minecraft:cherry_planks":20,"minecraft:oak_planks":8,"minecraft:crafting_table":2,"minecraft:wooden_pickaxe":1,"crafting_on_a_stick:crafting_table":2,"minecraft:stone_axe":1,"minecraft:bread":39,"minecraft:stick":12,"minecraft:iron_pickaxe":1,"minecraft:stone_sword":1,"minecraft:wheat":109},"minecraft:used":{"minecraft:trident":15,"minecraft:stone_sword":62,"minecraft:diamond_hoe":24,"minecraft:wooden_pickaxe":17,"minecraft:shield":1,"minecraft:cherry_planks":11,"minecraft:iron_sword":60,"minecraft:dirt":8,"minecraft:white_bed":7,"minecraft:apple":9,"minecraft:iron_axe":14,"minecraft:bread":57,"minecraft:iron_pickaxe":16,"minecraft:stone_axe":35,"minecraft:cobblestone":2,"minecraft:potato":6},"minecraft:picked_up":{"irons_spellbooks:scroll":1,"minecraft:charcoal":2,"minecraft:iron_chestplate":1,"minecraft:wheat":8,"illagerinvasion:platinum_chunk":1,"minecraft:cherry_planks":2,"minecraft:turtle_helmet":1,"minecraft:leather_leggings":1,"minecraft:leather":4,"minecraft:smoker":2,"minecraft:potion":4,"base_camp:basecamp_treehouse_oak":1,"minecraft:oak_log":3,"gravestone:obituary":2,"minecraft:brewing_stand":2,"minecraft:dirt":12,"minecraft:string":2,"minecraft:paper":12,"minecraft:leather_boots":3,"born_in_chaos_v1:intoxicating_decoction":2,"minecraft:armor_stand":2,"minecraft:bone":2,"terramity:accursed_soul":9,"irons_spellbooks:arcane_essence":1,"minecraft:wheat_seeds":2,"minecraft:beef":2,"meadow:patched_wool":3,"minecraft:furnace":2,"minecraft:book":30,"minecraft:stick":2,"minecraft:porkchop":22,"minecraft:cherry_log":5,"minecraft:white_bed":7,"minecraft:trident":2,"meadow:inky_wool":1,"alexsmobs:animal_dictionary":1,"minecraft:arrow":15,"minecraft:hay_block":26,"minecraft:cherry_sapling":1,"minecraft:gray_wool":1,"minecraft:chainmail_helmet":2,"minecraft:emerald":2,"minecraft:mutton":6,"minecraft:cobblestone":18},"minecraft:killed_by":{"terramity:dungeon_sentry":2,"mutantmonsters:mutant_skeleton":2,"darkestsouls:hollow_longsword":1,"alexsmobs:tiger":3}},"DataVersion":3465}