{"stats":{"minecraft:mined":{"gravestone:gravestone":1,"minecraft:oak_log":3,"minecraft:tall_grass":1,"minecraft:oak_leaves":4},"minecraft:picked_up":{"base_camp:basecamp_treehouse_oak":1,"minecraft:cherry_sapling":1,"minecraft:oak_log":3,"gravestone:obituary":1,"alexsmobs:animal_dictionary":1},"minecraft:dropped":{"gravestone:obituary":2,"alexsmobs:animal_dictionary":1,"minecraft:cherry_sapling":1},"minecraft:killed_by":{"alexsmobs:tiger":1},"minecraft:custom":{"minecraft:time_since_rest":6844,"minecraft:crouch_one_cm":943,"minecraft:play_time":8313,"minecraft:sprint_one_cm":13503,"minecraft:walk_one_cm":9373,"minecraft:damage_taken":230,"minecraft:deaths":1,"minecraft:sneak_time":226,"minecraft:drop":4,"minecraft:jump":113,"minecraft:leave_game":1,"minecraft:time_since_death":6804,"minecraft:total_world_time":8313,"minecraft:fall_one_cm":3739,"minecraft:fly_one_cm":25010}},"DataVersion":3465}