{"stats":{"minecraft:mined":{"minecraft:white_bed":3,"minecraft:glass_pane":1,"luminousworld:grassvariant_4":1,"luminousworld:purple_petunias":1,"minecraft:smoker":2,"minecraft:cherry_log":5,"minecraft:brewing_stand":1,"gravestone:gravestone":2,"minecraft:grass_block":1,"minecraft:campfire":1,"luminousworld:grassvariant_2":2,"luminousworld:decorative_brown_mushroom_1":1,"minecraft:tall_grass":12,"minecraft:hay_block":28,"minecraft:furnace":2,"minecraft:grass":29,"minecraft:bookshelf":6,"minecraft:oak_log":3,"minecraft:cherry_leaves":10,"minecraft:dirt":3,"minecraft:cobweb":1,"luminousworld:grassvariant_3":1,"minecraft:stone":10,"minecraft:oak_leaves":7,"minecraft:fern":1},"minecraft:crafted":{"minecraft:cherry_planks":20,"minecraft:oak_planks":8,"minecraft:crafting_table":2,"minecraft:wooden_pickaxe":1,"crafting_on_a_stick:crafting_table":2,"minecraft:stone_axe":1,"minecraft:bread":15,"minecraft:stick":12,"minecraft:iron_pickaxe":1,"minecraft:stone_sword":1,"minecraft:wheat":45},"minecraft:killed":{"minecraft:pig":12,"born_in_chaos_v1:zombie_clown_not_despawn":1,"minecraft:sheep":5,"minecraft:pillager":1,"darkestsouls:hollow_broken_straightsword":1,"minecraft:cow":2},"minecraft:used":{"minecraft:stone_sword":56,"minecraft:diamond_hoe":24,"minecraft:shield":1,"minecraft:wooden_pickaxe":17,"minecraft:dirt":2,"minecraft:white_bed":2,"minecraft:apple":9,"minecraft:bread":18,"minecraft:iron_pickaxe":1,"minecraft:stone_axe":35,"minecraft:potato":6},"minecraft:dropped":{"born_in_chaos_v1:intoxicating_decoction":2,"alexsmobs:animal_dictionary":1,"minecraft:cherry_sapling":1,"minecraft:stick":2,"minecraft:brewing_stand":1,"minecraft:potion":4,"gravestone:obituary":6,"minecraft:wooden_pickaxe":1},"minecraft:picked_up":{"minecraft:charcoal":2,"illagerinvasion:platinum_chunk":1,"minecraft:leather":2,"minecraft:smoker":2,"minecraft:potion":4,"base_camp:basecamp_treehouse_oak":1,"minecraft:oak_log":3,"gravestone:obituary":2,"minecraft:brewing_stand":2,"minecraft:string":1,"minecraft:dirt":4,"born_in_chaos_v1:intoxicating_decoction":2,"minecraft:wheat_seeds":1,"minecraft:beef":2,"meadow:patched_wool":3,"minecraft:furnace":2,"minecraft:book":18,"minecraft:stick":2,"minecraft:porkchop":22,"minecraft:cherry_log":5,"minecraft:white_bed":3,"meadow:inky_wool":1,"alexsmobs:animal_dictionary":1,"minecraft:hay_block":26,"minecraft:cherry_sapling":1,"minecraft:gray_wool":1,"minecraft:emerald":1,"minecraft:mutton":6,"minecraft:cobblestone":10},"minecraft:killed_by":{"mutantmonsters:mutant_skeleton":2,"darkestsouls:hollow_longsword":1,"alexsmobs:tiger":3},"minecraft:custom":{"minecraft:mob_kills":23,"minecraft:open_barrel":9,"minecraft:leave_game":4,"minecraft:time_since_death":41583,"minecraft:sleep_in_bed":3,"minecraft:climb_one_cm":966,"minecraft:time_since_rest":9920,"minecraft:sprint_one_cm":199976,"minecraft:damage_taken":2601,"minecraft:walk_one_cm":60772,"minecraft:damage_blocked_by_shield":40,"minecraft:drop":18,"minecraft:damage_dealt":2711,"minecraft:swim_one_cm":17914,"minecraft:fly_one_cm":298985,"minecraft:open_chest":15,"minecraft:crouch_one_cm":6231,"minecraft:play_time":74044,"minecraft:deaths":6,"minecraft:sneak_time":3137,"minecraft:walk_under_water_one_cm":1546,"minecraft:interact_with_brewingstand":1,"minecraft:jump":1352,"minecraft:walk_on_water_one_cm":4197,"minecraft:interact_with_smoker":2,"minecraft:total_world_time":74044,"minecraft:fall_one_cm":48319}},"DataVersion":3465}