{"stats":{"minecraft:dropped":{"born_in_chaos_v1:intoxicating_decoction":2,"minecraft:wheat_seeds":1,"minecraft:cobblestone":2,"minecraft:leather":4,"minecraft:chainmail_helmet":2,"minecraft:stick":4,"irons_spellbooks:scroll":1,"minecraft:dirt":2,"minecraft:brewing_stand":1,"minecraft:potion":4,"irons_spellbooks:arcane_essence":1,"gravestone:obituary":13,"minecraft:iron_pickaxe":2,"minecraft:pink_petals":5,"minecraft:armor_stand":2,"minecraft:bone":2,"minecraft:sweet_berries":2,"alexsmobs:animal_dictionary":1,"minecraft:cherry_sapling":2,"minecraft:carrot":1,"minecraft:chainmail_chestplate":1,"minecraft:leather_boots":2,"minecraft:oak_sapling":1,"terramity:accursed_soul":5,"minecraft:arrow":15,"minecraft:wooden_pickaxe":1,"exploration_:sword_blueprint":1},"minecraft:custom":{"minecraft:mob_kills":51,"minecraft:open_barrel":27,"minecraft:damage_dealt_resisted":168,"minecraft:leave_game":6,"minecraft:time_since_death":16794,"minecraft:climb_one_cm":5902,"minecraft:sprint_one_cm":766848,"minecraft:walk_one_cm":195555,"minecraft:damage_blocked_by_shield":120,"minecraft:drop":65,"minecraft:play_time":236521,"minecraft:deaths":13,"minecraft:sneak_time":5686,"minecraft:walk_under_water_one_cm":13769,"minecraft:jump":4655,"minecraft:interact_with_brewingstand":1,"minecraft:walk_on_water_one_cm":35813,"minecraft:total_world_time":236521,"minecraft:interact_with_furnace":2,"minecraft:sleep_in_bed":9,"minecraft:time_since_rest":6834,"minecraft:damage_taken":7674,"minecraft:damage_dealt":9191,"minecraft:swim_one_cm":70810,"minecraft:fly_one_cm":1155486,"minecraft:open_chest":46,"minecraft:crouch_one_cm":12190,"minecraft:interact_with_smoker":7,"minecraft:fall_one_cm":155900},"minecraft:mined":{"undead_revamp2:arapholia":1,"minecraft:spruce_planks":4,"minecraft:white_bed":8,"luminousworld:grassvariant_4":6,"minecraft:cherry_log":247,"minecraft:brewing_stand":1,"gravestone:gravestone":8,"minecraft:grass_block":9,"luminousworld:grassvariant_2":2,"luminousworld:decorative_brown_mushroom_1":1,"luminousworld:blackberrybush":4,"minecraft:spawner":5,"minecraft:hay_block":28,"minecraft:furnace":2,"minecraft:carrots":1,"minecraft:bookshelf":10,"minecraft:pointed_dripstone":2,"minecraft:stone":16,"minecraft:glass_pane":2,"minecraft:cherry_planks":2,"minecraft:red_bed":2,"luminousworld:blueberrybush":2,"luminousworld:purple_petunias":1,"minecraft:smoker":2,"minecraft:chest":1,"minecraft:campfire":1,"minecraft:tall_grass":26,"minecraft:cobblestone":2,"minecraft:pink_petals":51,"minecraft:spruce_stairs":2,"minecraft:sweet_berry_bush":1,"minecraft:grass":96,"minecraft:oak_log":3,"minecraft:cherry_leaves":16,"minecraft:gravel":1,"minecraft:dirt":17,"luminousworld:grassvariant_3":3,"minecraft:cobweb":2,"minecraft:stone_bricks":2,"minecraft:oak_leaves":13,"minecraft:fern":4,"minecraft:dark_oak_planks":2},"minecraft:killed":{"ddenizens:headless":2,"born_in_chaos_v1:zombie_clown_not_despawn":1,"minecraft:vindicator":1,"luminousworld:frost_bitten_skeleton":2,"born_in_chaos_v1:thornshell_crab":1,"breeze_mob_mod:breeze":1,"minecraft:skeleton":1,"darkestsouls:hollow_broken_straightsword":1,"frozen_zombie_castle:frozen_zombie":1,"minecraft:drowned":1,"darkestsouls:hollow_assassin":1,"darkestsouls:hollow_longsword":1,"undead_revamp2:sucker":2,"ddenizens:skeleton_warrior":1,"minecraft:pig":15,"piglet_structures:skeleton_fly":2,"irons_spellbooks:necromancer":1,"minecraft:sheep":5,"minecraft:pillager":3,"enemyexpansion:meature":2,"minecraft:cow":2},"minecraft:broken":{"minecraft:leather_leggings":1,"minecraft:iron_axe":1},"minecraft:crafted":{"minecraft:cherry_planks":84,"minecraft:oak_planks":8,"minecraft:cooked_mutton":6,"minecraft:chest":2,"minecraft:wheat":109,"minecraft:cooked_beef":2,"minecraft:cooked_porkchop":24,"minecraft:crafting_table":2,"minecraft:wooden_pickaxe":1,"crafting_on_a_stick:crafting_table":2,"minecraft:stone_axe":1,"minecraft:air":0,"minecraft:bread":39,"minecraft:stick":12,"minecraft:iron_pickaxe":1,"minecraft:stone_sword":1},"minecraft:used":{"minecraft:trident":19,"minecraft:stone_sword":62,"minecraft:diamond_hoe":24,"minecraft:chest":3,"minecraft:shield":3,"minecraft:iron_sword":218,"minecraft:dirt":10,"minecraft:carrot":21,"minecraft:iron_axe":275,"minecraft:furnace":1,"minecraft:potato":6,"minecraft:cherry_log":41,"minecraft:cooked_mutton":4,"minecraft:wooden_pickaxe":17,"minecraft:cherry_planks":11,"minecraft:red_bed":2,"minecraft:white_bed":7,"minecraft:smoker":2,"minecraft:apple":9,"minecraft:bread":76,"minecraft:iron_pickaxe":19,"minecraft:stone_axe":35,"minecraft:pink_petals":2,"minecraft:cobblestone":6,"minecraft:cooked_porkchop":5},"minecraft:picked_up":{"irons_spellbooks:scroll":1,"minecraft:charcoal":2,"minecraft:iron_chestplate":1,"minecraft:wheat":8,"illagerinvasion:platinum_chunk":1,"minecraft:turtle_helmet":1,"minecraft:leather_leggings":1,"minecraft:potion":4,"gravestone:obituary":2,"minecraft:brewing_stand":2,"minecraft:string":2,"minecraft:red_bed":2,"minecraft:armor_stand":2,"born_in_chaos_v1:intoxicating_decoction":2,"terramity:accursed_soul":14,"irons_spellbooks:arcane_essence":1,"minecraft:beef":2,"frozen_zombie_castle:frozen_rotten_flesh":2,"minecraft:chest":1,"minecraft:furnace":2,"minecraft:stick":106,"minecraft:porkchop":29,"minecraft:cherry_log":218,"minecraft:trident":2,"minecraft:carrot":1,"meadow:inky_wool":1,"minecraft:arrow":19,"minecraft:rotten_flesh":2,"minecraft:hay_block":26,"minecraft:mutton":6,"minecraft:cobblestone":20,"minecraft:pink_petals":79,"minecraft:cherry_planks":2,"minecraft:leather":4,"minecraft:smoker":2,"base_camp:basecamp_treehouse_oak":1,"minecraft:oak_log":3,"minecraft:dirt":24,"minecraft:paper":12,"minecraft:leather_boots":3,"minecraft:bone":2,"minecraft:wheat_seeds":5,"meadow:patched_wool":3,"minecraft:book":30,"minecraft:sweet_berries":4,"minecraft:white_bed":7,"alexsmobs:animal_dictionary":1,"minecraft:cherry_sapling":203,"minecraft:gray_wool":1,"minecraft:emerald":5,"minecraft:chainmail_helmet":2,"minecraft:oak_sapling":1},"minecraft:killed_by":{"undead_revamp2:clogger":1,"alexsmobs:tiger":3,"breeze_mob_mod:breeze":1,"terramity:dungeon_sentry":2,"mutantmonsters:mutant_skeleton":2,"darkestsouls:hollow_longsword":1}},"DataVersion":3465}