{"stats":{"minecraft:picked_up":{"minecraft:stick":3,"minecraft:feather":2,"base_camp:basecamp_tent":1,"minecraft:chicken":1,"minecraft:wheat_seeds":1,"minecraft:spruce_sapling":5,"minecraft:grass_block":1},"minecraft:used":{"minecraft:oak_log":24,"minecraft:birch_planks":559,"minecraft:grass_block":26,"minecraft:stripped_cherry_log":3,"alexsmobs:animal_dictionary":1,"minecraft:stripped_oak_log":4,"minecraft:cherry_log":77,"minecraft:spruce_log":298,"minecraft:bone_meal":71,"minecraft:spruce_sapling":23},"minecraft:dropped":{"minecraft:wheat_seeds":1,"minecraft:grass_block":2},"minecraft:custom":{"minecraft:open_chest":2,"minecraft:time_since_rest":71494,"minecraft:crouch_one_cm":14165,"minecraft:play_time":71494,"minecraft:sprint_one_cm":84036,"minecraft:walk_one_cm":40790,"minecraft:sneak_time":5479,"minecraft:walk_under_water_one_cm":2342,"minecraft:mob_kills":1,"minecraft:drop":3,"minecraft:jump":337,"minecraft:damage_dealt":200,"minecraft:time_since_death":71494,"minecraft:walk_on_water_one_cm":3630,"minecraft:total_world_time":71494,"minecraft:climb_one_cm":680,"minecraft:fly_one_cm":930924},"minecraft:killed":{"minecraft:chicken":1}},"DataVersion":3465}