{"stats":{"minecraft:mined":{"minecraft:white_bed":4,"minecraft:glass_pane":1,"minecraft:cherry_planks":2,"luminousworld:grassvariant_4":1,"luminousworld:purple_petunias":1,"minecraft:smoker":2,"minecraft:cherry_log":5,"minecraft:brewing_stand":1,"gravestone:gravestone":2,"minecraft:grass_block":1,"minecraft:campfire":1,"luminousworld:grassvariant_2":2,"luminousworld:decorative_brown_mushroom_1":1,"minecraft:tall_grass":14,"minecraft:hay_block":28,"minecraft:furnace":2,"minecraft:grass":35,"minecraft:bookshelf":10,"minecraft:oak_log":3,"minecraft:cherry_leaves":10,"minecraft:gravel":1,"minecraft:dirt":3,"minecraft:cobweb":2,"luminousworld:grassvariant_3":1,"minecraft:stone_bricks":2,"minecraft:stone":10,"minecraft:oak_leaves":7,"minecraft:fern":1},"minecraft:crafted":{"minecraft:cherry_planks":20,"minecraft:oak_planks":8,"minecraft:crafting_table":2,"minecraft:wooden_pickaxe":1,"crafting_on_a_stick:crafting_table":2,"minecraft:stone_axe":1,"minecraft:bread":39,"minecraft:stick":12,"minecraft:iron_pickaxe":1,"minecraft:stone_sword":1,"minecraft:wheat":109},"minecraft:killed":{"ddenizens:headless":1,"minecraft:pig":12,"born_in_chaos_v1:zombie_clown_not_despawn":1,"irons_spellbooks:necromancer":1,"minecraft:sheep":5,"minecraft:skeleton":1,"minecraft:pillager":1,"darkestsouls:hollow_broken_straightsword":1,"minecraft:cow":2},"minecraft:used":{"minecraft:stone_sword":62,"minecraft:diamond_hoe":24,"minecraft:shield":1,"minecraft:wooden_pickaxe":17,"minecraft:cherry_planks":4,"minecraft:iron_sword":27,"minecraft:dirt":2,"minecraft:white_bed":3,"minecraft:apple":9,"minecraft:iron_axe":6,"minecraft:bread":31,"minecraft:iron_pickaxe":3,"minecraft:stone_axe":35,"minecraft:potato":6},"minecraft:dropped":{"born_in_chaos_v1:intoxicating_decoction":2,"alexsmobs:animal_dictionary":1,"minecraft:cherry_sapling":1,"minecraft:leather":4,"minecraft:chainmail_helmet":1,"minecraft:chainmail_chestplate":1,"minecraft:stick":2,"minecraft:brewing_stand":1,"minecraft:leather_boots":2,"minecraft:potion":4,"irons_spellbooks:arcane_essence":1,"gravestone:obituary":6,"minecraft:arrow":15,"minecraft:wooden_pickaxe":1,"minecraft:armor_stand":2},"minecraft:picked_up":{"irons_spellbooks:scroll":1,"minecraft:charcoal":2,"minecraft:iron_chestplate":1,"minecraft:wheat":8,"illagerinvasion:platinum_chunk":1,"minecraft:cherry_planks":2,"minecraft:leather_leggings":1,"minecraft:leather":4,"minecraft:smoker":2,"minecraft:potion":4,"base_camp:basecamp_treehouse_oak":1,"minecraft:oak_log":3,"gravestone:obituary":2,"minecraft:brewing_stand":2,"minecraft:string":2,"minecraft:dirt":4,"minecraft:leather_boots":3,"born_in_chaos_v1:intoxicating_decoction":2,"minecraft:armor_stand":2,"irons_spellbooks:arcane_essence":1,"minecraft:wheat_seeds":1,"minecraft:beef":2,"meadow:patched_wool":3,"minecraft:furnace":2,"minecraft:book":30,"minecraft:stick":2,"minecraft:porkchop":22,"minecraft:cherry_log":5,"minecraft:white_bed":4,"meadow:inky_wool":1,"alexsmobs:animal_dictionary":1,"minecraft:arrow":15,"minecraft:hay_block":26,"minecraft:cherry_sapling":1,"minecraft:gray_wool":1,"minecraft:chainmail_helmet":2,"minecraft:emerald":1,"minecraft:mutton":6,"minecraft:cobblestone":10},"minecraft:killed_by":{"mutantmonsters:mutant_skeleton":2,"darkestsouls:hollow_longsword":1,"alexsmobs:tiger":3},"minecraft:custom":{"minecraft:mob_kills":26,"minecraft:open_barrel":21,"minecraft:leave_game":4,"minecraft:time_since_death":59583,"minecraft:sleep_in_bed":4,"minecraft:climb_one_cm":3191,"minecraft:time_since_rest":11387,"minecraft:sprint_one_cm":299416,"minecraft:damage_taken":2891,"minecraft:walk_one_cm":80498,"minecraft:damage_blocked_by_shield":40,"minecraft:drop":30,"minecraft:damage_dealt":3525,"minecraft:swim_one_cm":27173,"minecraft:fly_one_cm":417295,"minecraft:open_chest":24,"minecraft:crouch_one_cm":6231,"minecraft:play_time":92044,"minecraft:deaths":6,"minecraft:sneak_time":3160,"minecraft:walk_under_water_one_cm":3673,"minecraft:interact_with_brewingstand":1,"minecraft:jump":1835,"minecraft:walk_on_water_one_cm":9472,"minecraft:interact_with_smoker":2,"minecraft:total_world_time":92044,"minecraft:fall_one_cm":60773}},"DataVersion":3465}