{"stats":{"minecraft:picked_up":{"minecraft:stick":3,"minecraft:feather":2,"base_camp:basecamp_tent":1,"minecraft:chicken":1,"minecraft:wheat_seeds":1,"minecraft:spruce_sapling":5,"minecraft:grass_block":1},"minecraft:used":{"minecraft:birch_fence":47,"minecraft:oak_log":25,"minecraft:dark_oak_log":34,"minecraft:birch_planks":846,"minecraft:grass_block":26,"minecraft:birch_log":4,"minecraft:cherry_planks":517,"minecraft:stripped_cherry_log":8,"alexsmobs:animal_dictionary":1,"minecraft:stripped_oak_log":4,"minecraft:acacia_planks":20,"minecraft:spruce_fence":46,"minecraft:cherry_log":77,"minecraft:spruce_log":368,"minecraft:bone_meal":71,"minecraft:spruce_sapling":23,"minecraft:birch_stairs":69},"minecraft:dropped":{"minecraft:wheat_seeds":1,"minecraft:grass_block":2},"minecraft:custom":{"minecraft:open_chest":2,"minecraft:time_since_rest":155494,"minecraft:crouch_one_cm":43308,"minecraft:play_time":155494,"minecraft:sprint_one_cm":135523,"minecraft:walk_one_cm":84698,"minecraft:sneak_time":13582,"minecraft:walk_under_water_one_cm":2342,"minecraft:mob_kills":2,"minecraft:drop":3,"minecraft:jump":520,"minecraft:damage_dealt":344,"minecraft:time_since_death":155494,"minecraft:walk_on_water_one_cm":3630,"minecraft:total_world_time":155494,"minecraft:climb_one_cm":680,"minecraft:fly_one_cm":1067654},"minecraft:killed":{"mozombies_wave:zombie_dwarf":1,"minecraft:chicken":1}},"DataVersion":3465}