{"stats":{"minecraft:picked_up":{"minecraft:stick":3,"minecraft:feather":2,"base_camp:basecamp_tent":1,"minecraft:chicken":1,"minecraft:wheat_seeds":1,"minecraft:spruce_sapling":5,"minecraft:grass_block":1},"minecraft:used":{"minecraft:oak_log":24,"minecraft:birch_planks":559,"minecraft:grass_block":26,"minecraft:stripped_cherry_log":1,"alexsmobs:animal_dictionary":1,"minecraft:stripped_oak_log":4,"minecraft:cherry_log":47,"minecraft:bone_meal":71,"minecraft:spruce_sapling":23},"minecraft:dropped":{"minecraft:wheat_seeds":1,"minecraft:grass_block":2},"minecraft:custom":{"minecraft:open_chest":2,"minecraft:time_since_rest":59494,"minecraft:crouch_one_cm":8954,"minecraft:play_time":59494,"minecraft:sprint_one_cm":62087,"minecraft:walk_one_cm":29043,"minecraft:sneak_time":3604,"minecraft:walk_under_water_one_cm":1147,"minecraft:mob_kills":1,"minecraft:drop":3,"minecraft:jump":247,"minecraft:damage_dealt":200,"minecraft:time_since_death":59494,"minecraft:walk_on_water_one_cm":3464,"minecraft:total_world_time":59494,"minecraft:climb_one_cm":680,"minecraft:fly_one_cm":898103},"minecraft:killed":{"minecraft:chicken":1}},"DataVersion":3465}