{"stats":{"minecraft:picked_up":{"luminousworld:groundpebbles_1":2,"minecraft:stick":3,"minecraft:feather":2,"base_camp:basecamp_tent":1,"minecraft:chicken":1,"minecraft:spruce_sapling":6,"minecraft:grass_block":1,"minecraft:wheat_seeds":1,"darkestsouls:titanite_fragment":1},"minecraft:used":{"minecraft:birch_fence":47,"minecraft:oak_log":25,"trailsandtalesplus:abysium_sword":6,"minecraft:dark_oak_log":34,"minecraft:birch_planks":907,"minecraft:grass_block":81,"minecraft:cherry_planks":812,"minecraft:spruce_sapling":23,"minecraft:crimson_door":1,"minecraft:birch_log":4,"minecraft:glass_pane":118,"alexsmobs:animal_dictionary":1,"minecraft:stripped_oak_log":4,"minecraft:stripped_cherry_log":8,"minecraft:acacia_planks":20,"minecraft:spruce_fence":46,"minecraft:cherry_log":77,"minecraft:spruce_log":368,"minecraft:bone_meal":71,"minecraft:birch_stairs":112},"minecraft:dropped":{"minecraft:wheat_seeds":1,"minecraft:grass_block":2},"minecraft:custom":{"minecraft:time_since_rest":174524,"minecraft:sprint_one_cm":169942,"minecraft:walk_one_cm":134341,"minecraft:mob_kills":3,"minecraft:drop":3,"minecraft:damage_dealt":864,"minecraft:fly_one_cm":1106302,"minecraft:open_chest":2,"minecraft:crouch_one_cm":48322,"minecraft:play_time":174524,"minecraft:sneak_time":15134,"minecraft:walk_under_water_one_cm":3080,"minecraft:jump":587,"minecraft:leave_game":1,"minecraft:walk_on_water_one_cm":3659,"minecraft:time_since_death":174524,"minecraft:climb_one_cm":680,"minecraft:total_world_time":174524},"minecraft:killed":{"minecraft:chicken":1,"mozombies_wave:zombie_dwarf":1,"darkestsouls:leech":1}},"DataVersion":3465}