{"stats":{"minecraft:dropped":{"minecraft:iron_sword":1,"minecraft:wheat_seeds":1,"minecraft:iron_helmet":1,"minecraft:leather_helmet":1,"minecraft:stick":4,"gravestone:obituary":5,"minecraft:oak_stairs":1,"minecraft:spruce_sapling":3,"minecraft:armor_stand":1,"minecraft:bricks":1,"minecraft:poppy":2,"minecraft:leather_chestplate":1,"minecraft:leather_boots":1,"minecraft:leather_leggings":1,"minecraft:wooden_pickaxe":1,"minecraft:stone_pickaxe":1},"minecraft:custom":{"minecraft:interact_with_anvil":1,"minecraft:mob_kills":33,"minecraft:open_barrel":24,"minecraft:damage_dealt_resisted":377,"minecraft:leave_game":6,"minecraft:time_since_death":41398,"minecraft:climb_one_cm":11936,"minecraft:sprint_one_cm":544205,"minecraft:walk_one_cm":249655,"minecraft:drop":26,"minecraft:play_time":397224,"minecraft:deaths":6,"minecraft:sneak_time":19029,"minecraft:walk_under_water_one_cm":4351,"minecraft:interact_with_lectern":1,"minecraft:jump":1794,"minecraft:walk_on_water_one_cm":4253,"minecraft:total_world_time":397224,"minecraft:interact_with_furnace":6,"minecraft:pot_flower":1,"minecraft:sleep_in_bed":4,"minecraft:time_since_rest":41586,"minecraft:damage_taken":4117,"minecraft:damage_dealt":9325,"minecraft:swim_one_cm":5116,"minecraft:fly_one_cm":583558,"minecraft:open_chest":29,"minecraft:crouch_one_cm":46815,"minecraft:fall_one_cm":45050},"minecraft:picked_up":{"luminousworld:groundpebbles_1":3,"minecraft:charcoal":8,"minecraft:crafting_table":1,"minecraft:leather_leggings":1,"minecraft:smithing_table":1,"minecraft:oak_stairs":2,"minecraft:enchanted_book":1,"minecraft:chain":7,"minecraft:string":3,"minecraft:red_bed":2,"minecraft:raw_copper":5,"minecraft:armor_stand":2,"terramity:accursed_soul":4,"minecraft:cobbled_deepslate":49,"frozen_zombie_castle:frozen_rotten_flesh":1,"minecraft:iron_nugget":4,"minecraft:poppy":2,"minecraft:light_gray_wool":3,"terramity:sapphire":3,"minecraft:chest":19,"minecraft:furnace":3,"minecraft:egg":3,"minecraft:stick":22,"minecraft:raw_iron":59,"minecraft:torch":5,"minecraft:redstone":35,"minecraft:rotten_flesh":8,"minecraft:decorated_pot":1,"minecraft:hay_block":11,"minecraft:carved_pumpkin":1,"minecraft:mutton":1,"minecraft:cobblestone":111,"minecraft:white_wool":1,"minecraft:leather_chestplate":1,"minecraft:andesite":3,"luminousworld:ishstone":4,"minecraft:smoker":1,"trailsandtalesplus:sonic_totem":1,"realmrpg_creep:creeping_sprout":1,"minecraft:flint":1,"minecraft:tuff":2,"minecraft:oak_log":23,"piglet_structures:glass_table":6,"minecraft:gunpowder":2,"minecraft:lapis_lazuli":47,"minecraft:dirt":9,"minecraft:lantern":4,"minecraft:leather_boots":1,"minecraft:wheat_seeds":5,"minecraft:raw_gold":4,"minecraft:grindstone":1,"minecraft:iron_ingot":1,"minecraft:stone_pickaxe":1,"darkestsouls:bone_fragment":2,"minecraft:iron_sword":1,"minecraft:oak_planks":3,"minecraft:book":26,"minecraft:sculk_catalyst":2,"minecraft:oak_slab":3,"minecraft:sculk":4,"patchouli:guide_book":4,"trailsandtalesplus:toughen_deepslate":29,"base_camp:basecamp_treehouse_spruce":1,"minecraft:gravel":12,"minecraft:spruce_sapling":29,"minecraft:blast_furnace":1,"minecraft:spruce_log":155,"minecraft:leather_helmet":1,"terramity:iridescent_shard":3,"alexsmobs:animal_dictionary":1,"undead_revamp2:acidsack":1,"minecraft:diamond":4,"bossominium:the_bossdexium":1,"minecraft:iron_helmet":1,"minecraft:granite":2,"alexsmobs:moose_ribs":1,"minecraft:damaged_anvil":1,"minecraft:bricks":1,"minecraft:coal":20},"minecraft:killed_by":{"darkestsouls:leech":1,"undead_revamp2:therod":1,"minecraft:zombie":1,"ddenizens:spectator":1},"minecraft:broken":{"minecraft:stone_pickaxe":1,"minecraft:iron_axe":1},"minecraft:killed":{"luminousworld:frostbitten_zombie":1,"realmrpg_creep:halloweed":1,"darkestsouls:skeleton_curved_swords":1,"minecraft:spider":1,"born_in_chaos_v1:zombie_bruiser":1,"born_in_chaos_v1:maggot":2,"darkestsouls:skeleton_falchion":1,"darkestsouls:hollow_assassin":1,"undead_revamp2:thespitter":1,"undead_revamp2:the_moonflower":1,"minecraft:creeper":1,"minecraft:sheep":1,"enemyexpansion:meature":1,"minecraft:zombie":1,"frozen_zombie_castle:frozen_zombie_weapons":2,"alexsmobs:moose":1,"ddenizens:spectator":1},"minecraft:used":{"minecraft:stone_sword":1,"minecraft:chest":83,"minecraft:spruce_planks":24,"minecraft:iron_sword":127,"minecraft:torch":9,"minecraft:dirt":5,"minecraft:spruce_stairs":29,"minecraft:spruce_fence":28,"prettypipes:crafting_terminal":1,"minecraft:mangrove_stairs":12,"minecraft:lantern":4,"minecraft:iron_axe":282,"minecraft:oak_stairs":21,"minecraft:polished_deepslate_wall":2,"minecraft:furnace":2,"minecraft:egg":3,"minecraft:cobbled_deepslate":49,"minecraft:birch_planks":185,"minecraft:stone_pickaxe":177,"minecraft:oak_planks":79,"minecraft:wooden_pickaxe":8,"minecraft:cherry_planks":62,"luminousworld:ishstone":3,"trailsandtalesplus:toughen_deepslate":29,"minecraft:golden_apple":3,"minecraft:vine":118,"minecraft:red_bed":2,"prettypipes:pipe":44,"minecraft:oak_log":4,"trailsandtalesplus:abysium_sword":38,"minecraft:bread":56,"minecraft:iron_pickaxe":152,"minecraft:stone_axe":1,"minecraft:cobblestone":80,"minecraft:crimson_door":4},"minecraft:mined":{"minecraft:diamond_ore":2,"minecraft:tuff":2,"minecraft:deepslate_diamond_ore":2,"luminousworld:mossbuds_1":1,"gravestone:gravestone":3,"minecraft:granite":2,"minecraft:chiseled_bookshelf":2,"luminousworld:mossbuds_2":1,"minecraft:grass_block":2,"minecraft:decorated_pot":1,"minecraft:spruce_leaves":8,"minecraft:spawner":1,"minecraft:hay_block":11,"minecraft:redstone_ore":6,"minecraft:furnace":3,"minecraft:iron_ore":28,"minecraft:cobbled_deepslate":3,"minecraft:andesite":4,"luminousworld:mossbuds_3":1,"minecraft:deepslate_lapis_ore":7,"minecraft:peony":1,"minecraft:bookshelf":5,"minecraft:deepslate_iron_ore":31,"minecraft:vine":2,"minecraft:lantern":4,"minecraft:stone":106,"trailsandtalesplus:toughen_deepslate":32,"minecraft:smithing_table":1,"minecraft:deepslate_redstone_ore":2,"minecraft:red_bed":2,"piglet_structures:glass_table":6,"terramity:deepslate_sapphire_ore":3,"minecraft:smoker":1,"minecraft:powder_snow":3,"minecraft:crafting_table":1,"minecraft:torch":1,"minecraft:blast_furnace":1,"minecraft:poppy":2,"minecraft:chest":19,"minecraft:copper_ore":2,"minecraft:tall_grass":3,"minecraft:cobblestone":6,"minecraft:deepslate_gold_ore":4,"minecraft:grindstone":1,"minecraft:oak_planks":2,"minecraft:damaged_anvil":1,"minecraft:bricks":1,"minecraft:wall_torch":4,"minecraft:spruce_log":177,"minecraft:light_gray_wool":3,"minecraft:grass":25,"minecraft:oak_log":19,"minecraft:coal_ore":9,"luminousworld:ishstone":4,"minecraft:gravel":13,"minecraft:dirt":6,"terramity:deepslate_iridescent_ore":1,"minecraft:cobweb":4,"minecraft:deepslate":50,"minecraft:fern":5},"minecraft:crafted":{"minecraft:oak_planks":76,"minecraft:furnace":2,"minecraft:iron_boots":1,"minecraft:stone_pickaxe":2,"minecraft:chest":43,"minecraft:wheat":99,"minecraft:crafting_table":1,"minecraft:spruce_planks":364,"minecraft:wooden_pickaxe":1,"minecraft:iron_helmet":1,"crafting_on_a_stick:crafting_table":1,"minecraft:stone_axe":1,"minecraft:bread":33,"minecraft:air":0,"minecraft:iron_chestplate":1,"minecraft:shield":1,"minecraft:stick":16,"minecraft:iron_ingot":28,"minecraft:iron_pickaxe":1,"minecraft:stone_sword":1,"minecraft:iron_leggings":1,"minecraft:torch":16}},"DataVersion":3465}