{"stats":{"minecraft:picked_up":{"base_camp:basecamp_treehouse_spruce":1},"minecraft:custom":{"minecraft:jump":96,"minecraft:open_chest":1,"minecraft:time_since_rest":28893,"minecraft:damage_dealt":89,"minecraft:crouch_one_cm":4680,"minecraft:sprint_one_cm":52497,"minecraft:play_time":28893,"minecraft:damage_taken":130,"minecraft:time_since_death":28893,"minecraft:walk_one_cm":43428,"minecraft:sneak_time":1735,"minecraft:climb_one_cm":854,"minecraft:total_world_time":28893,"minecraft:fall_one_cm":335,"minecraft:fly_one_cm":69642},"minecraft:used":{"minecraft:oak_planks":13,"minecraft:crimson_door":4,"minecraft:chest":3,"minecraft:cherry_planks":39,"minecraft:vine":57,"minecraft:mangrove_stairs":12,"minecraft:birch_planks":112,"minecraft:spruce_stairs":29}},"DataVersion":3465}