{"stats":{"minecraft:picked_up":{"base_camp:basecamp_treehouse_spruce":1},"minecraft:custom":{"minecraft:time_since_rest":40893,"minecraft:open_chest":1,"minecraft:crouch_one_cm":5313,"minecraft:play_time":40893,"minecraft:sprint_one_cm":68710,"minecraft:damage_taken":130,"minecraft:walk_one_cm":54382,"minecraft:sneak_time":2133,"minecraft:jump":143,"minecraft:damage_dealt":89,"minecraft:time_since_death":40893,"minecraft:total_world_time":40893,"minecraft:climb_one_cm":1592,"minecraft:fall_one_cm":335,"minecraft:fly_one_cm":99893},"minecraft:used":{"minecraft:vine":57,"minecraft:mangrove_stairs":12,"minecraft:birch_planks":144,"minecraft:oak_stairs":1,"minecraft:spruce_stairs":29,"minecraft:crimson_door":4,"minecraft:oak_planks":13,"minecraft:chest":3,"minecraft:cherry_planks":39,"minecraft:spruce_fence":24}},"DataVersion":3465}