{"stats":{"minecraft:dropped":{"minecraft:bricks":1,"minecraft:iron_sword":1,"minecraft:wheat_seeds":1,"minecraft:stick":4,"minecraft:poppy":2,"minecraft:oak_stairs":1,"gravestone:obituary":1,"minecraft:wooden_pickaxe":1,"minecraft:spruce_sapling":3,"minecraft:armor_stand":1},"minecraft:picked_up":{"minecraft:charcoal":8,"minecraft:crafting_table":1,"minecraft:leather_chestplate":1,"luminousworld:ishstone":3,"minecraft:andesite":3,"minecraft:leather_leggings":1,"minecraft:smithing_table":1,"minecraft:smoker":1,"minecraft:oak_stairs":2,"minecraft:enchanted_book":1,"minecraft:flint":1,"minecraft:oak_log":23,"piglet_structures:glass_table":6,"minecraft:gunpowder":2,"minecraft:string":3,"minecraft:raw_copper":5,"minecraft:dirt":9,"minecraft:red_bed":2,"minecraft:lantern":4,"minecraft:leather_boots":1,"minecraft:armor_stand":2,"terramity:accursed_soul":4,"minecraft:wheat_seeds":1,"minecraft:iron_ingot":1,"minecraft:grindstone":1,"frozen_zombie_castle:frozen_rotten_flesh":1,"minecraft:poppy":2,"minecraft:light_gray_wool":3,"minecraft:oak_planks":1,"minecraft:iron_sword":1,"minecraft:oak_slab":3,"minecraft:furnace":1,"minecraft:book":26,"minecraft:stick":4,"minecraft:raw_iron":28,"patchouli:guide_book":4,"minecraft:torch":3,"minecraft:gravel":12,"base_camp:basecamp_treehouse_spruce":1,"minecraft:spruce_sapling":3,"minecraft:blast_furnace":1,"minecraft:spruce_log":5,"alexsmobs:animal_dictionary":1,"minecraft:leather_helmet":1,"minecraft:rotten_flesh":4,"minecraft:decorated_pot":1,"bossominium:the_bossdexium":1,"minecraft:hay_block":11,"minecraft:granite":2,"alexsmobs:moose_ribs":1,"minecraft:damaged_anvil":1,"minecraft:mutton":1,"minecraft:bricks":1,"minecraft:coal":9,"minecraft:white_wool":1,"minecraft:cobblestone":110},"minecraft:used":{"minecraft:stone_sword":1,"minecraft:birch_planks":185,"minecraft:stone_pickaxe":176,"minecraft:oak_planks":13,"minecraft:chest":5,"minecraft:spruce_planks":24,"minecraft:wooden_pickaxe":8,"minecraft:cherry_planks":39,"minecraft:iron_sword":81,"luminousworld:ishstone":1,"minecraft:torch":3,"minecraft:golden_apple":3,"minecraft:dirt":5,"minecraft:vine":118,"minecraft:red_bed":2,"minecraft:spruce_stairs":29,"minecraft:spruce_fence":28,"minecraft:oak_log":4,"minecraft:mangrove_stairs":12,"minecraft:lantern":4,"minecraft:iron_axe":42,"minecraft:oak_stairs":21,"minecraft:bread":23,"minecraft:stone_axe":1,"minecraft:cobblestone":53,"minecraft:furnace":2,"minecraft:crimson_door":4},"minecraft:mined":{"minecraft:smithing_table":1,"minecraft:red_bed":2,"piglet_structures:glass_table":6,"minecraft:smoker":1,"minecraft:powder_snow":3,"minecraft:torch":1,"minecraft:crafting_table":1,"gravestone:gravestone":1,"minecraft:granite":2,"minecraft:chiseled_bookshelf":2,"minecraft:blast_furnace":1,"minecraft:grass_block":2,"minecraft:poppy":2,"minecraft:decorated_pot":1,"minecraft:copper_ore":2,"minecraft:tall_grass":2,"minecraft:cobblestone":6,"minecraft:spruce_leaves":2,"minecraft:grindstone":1,"minecraft:damaged_anvil":1,"minecraft:bricks":1,"minecraft:wall_torch":2,"minecraft:spawner":1,"minecraft:hay_block":11,"minecraft:furnace":1,"minecraft:iron_ore":28,"minecraft:spruce_log":5,"minecraft:andesite":3,"minecraft:light_gray_wool":3,"minecraft:peony":1,"minecraft:grass":6,"minecraft:bookshelf":5,"minecraft:oak_log":19,"minecraft:coal_ore":9,"luminousworld:ishstone":3,"minecraft:lantern":4,"minecraft:gravel":13,"minecraft:dirt":6,"minecraft:cobweb":4,"minecraft:stone":102,"minecraft:deepslate":1},"minecraft:crafted":{"minecraft:oak_planks":12,"minecraft:crafting_table":1,"minecraft:spruce_planks":20,"minecraft:wooden_pickaxe":1,"minecraft:furnace":2,"crafting_on_a_stick:crafting_table":1,"minecraft:stone_axe":1,"minecraft:bread":33,"minecraft:shield":1,"minecraft:stick":16,"minecraft:stone_pickaxe":2,"minecraft:stone_sword":1,"minecraft:torch":16,"minecraft:wheat":99},"minecraft:killed":{"luminousworld:frostbitten_zombie":1,"minecraft:spider":1,"minecraft:creeper":1,"born_in_chaos_v1:zombie_bruiser":1,"born_in_chaos_v1:maggot":2,"minecraft:sheep":1,"enemyexpansion:meature":1,"frozen_zombie_castle:frozen_zombie_weapons":2,"alexsmobs:moose":1},"minecraft:custom":{"minecraft:interact_with_furnace":4,"minecraft:interact_with_anvil":1,"minecraft:mob_kills":11,"minecraft:open_barrel":24,"minecraft:pot_flower":1,"minecraft:damage_dealt_resisted":144,"minecraft:leave_game":4,"minecraft:time_since_death":146137,"minecraft:sleep_in_bed":2,"minecraft:climb_one_cm":6720,"minecraft:time_since_rest":138193,"minecraft:sprint_one_cm":283284,"minecraft:damage_taken":1430,"minecraft:walk_one_cm":156259,"minecraft:drop":16,"minecraft:damage_dealt":3446,"minecraft:swim_one_cm":2832,"minecraft:fly_one_cm":265565,"minecraft:open_chest":18,"minecraft:crouch_one_cm":21236,"minecraft:play_time":249667,"minecraft:deaths":1,"minecraft:sneak_time":10059,"minecraft:walk_under_water_one_cm":996,"minecraft:interact_with_lectern":1,"minecraft:jump":968,"minecraft:walk_on_water_one_cm":892,"minecraft:total_world_time":249667,"minecraft:fall_one_cm":22892},"minecraft:broken":{"minecraft:stone_pickaxe":1},"minecraft:killed_by":{"darkestsouls:leech":1}},"DataVersion":3465}