{"stats":{"minecraft:picked_up":{"base_camp:basecamp_treehouse_spruce":1},"minecraft:custom":{"minecraft:jump":15,"minecraft:open_chest":1,"minecraft:time_since_rest":4893,"minecraft:crouch_one_cm":67,"minecraft:sprint_one_cm":1472,"minecraft:play_time":4893,"minecraft:damage_taken":130,"minecraft:time_since_death":4893,"minecraft:walk_one_cm":713,"minecraft:sneak_time":70,"minecraft:total_world_time":4893,"minecraft:fall_one_cm":335,"minecraft:fly_one_cm":36703},"minecraft:used":{"minecraft:chest":3}},"DataVersion":3465}