{"stats":{"minecraft:picked_up":{"minecraft:crafting_table":1,"patchouli:guide_book":4,"base_camp:basecamp_treehouse_spruce":1,"minecraft:oak_stairs":1,"minecraft:oak_log":18,"piglet_structures:glass_table":6,"minecraft:spruce_sapling":1,"minecraft:spruce_log":5,"minecraft:red_bed":1,"alexsmobs:animal_dictionary":1,"bossominium:the_bossdexium":1,"minecraft:hay_block":7,"minecraft:light_gray_wool":3,"minecraft:mutton":1,"minecraft:bricks":1,"minecraft:coal":1,"minecraft:white_wool":1,"minecraft:cobblestone":12,"minecraft:furnace":1},"minecraft:crafted":{"minecraft:crafting_table":1,"minecraft:spruce_planks":20,"minecraft:stick":8,"minecraft:wooden_pickaxe":1,"minecraft:stone_pickaxe":1,"minecraft:stone_sword":1,"crafting_on_a_stick:crafting_table":1,"minecraft:stone_axe":1,"minecraft:bread":21,"minecraft:wheat":63},"minecraft:mined":{"minecraft:hay_block":7,"minecraft:furnace":1,"minecraft:red_bed":1,"piglet_structures:glass_table":6,"minecraft:spruce_log":5,"minecraft:light_gray_wool":3,"minecraft:peony":1,"minecraft:crafting_table":1,"minecraft:grass":2,"minecraft:oak_log":18,"minecraft:coal_ore":1,"minecraft:tall_grass":2,"minecraft:spruce_leaves":2,"minecraft:stone":12,"minecraft:bricks":1},"minecraft:custom":{"minecraft:time_since_rest":76893,"minecraft:sprint_one_cm":142483,"minecraft:damage_taken":190,"minecraft:walk_one_cm":86494,"minecraft:mob_kills":2,"minecraft:drop":3,"minecraft:damage_dealt":429,"minecraft:fly_one_cm":192160,"minecraft:open_chest":5,"minecraft:crouch_one_cm":12949,"minecraft:play_time":76893,"minecraft:sneak_time":5617,"minecraft:jump":468,"minecraft:walk_on_water_one_cm":23,"minecraft:time_since_death":76893,"minecraft:climb_one_cm":3102,"minecraft:total_world_time":76893,"minecraft:fall_one_cm":9301},"minecraft:dropped":{"minecraft:oak_stairs":1,"minecraft:wooden_pickaxe":1,"minecraft:spruce_sapling":1},"minecraft:used":{"minecraft:stone_sword":1,"minecraft:mangrove_stairs":12,"minecraft:birch_planks":185,"minecraft:iron_axe":21,"minecraft:oak_stairs":21,"minecraft:bread":1,"minecraft:stone_pickaxe":12,"minecraft:oak_planks":13,"minecraft:iron_sword":7,"minecraft:chest":5,"minecraft:spruce_planks":24,"minecraft:wooden_pickaxe":8,"minecraft:cherry_planks":39,"minecraft:stone_axe":1,"minecraft:golden_apple":3,"minecraft:vine":118,"minecraft:spruce_stairs":29,"minecraft:crimson_door":4,"minecraft:spruce_fence":28},"minecraft:killed":{"minecraft:sheep":1,"luminousworld:frostbitten_zombie":1}},"DataVersion":3465}