{"stats":{"minecraft:picked_up":{"minecraft:oak_stairs":1,"base_camp:basecamp_treehouse_spruce":1},"minecraft:custom":{"minecraft:time_since_rest":52893,"minecraft:open_chest":1,"minecraft:crouch_one_cm":11767,"minecraft:play_time":52893,"minecraft:sprint_one_cm":82879,"minecraft:damage_taken":130,"minecraft:walk_one_cm":64788,"minecraft:sneak_time":4621,"minecraft:drop":1,"minecraft:jump":184,"minecraft:damage_dealt":89,"minecraft:time_since_death":52893,"minecraft:total_world_time":52893,"minecraft:climb_one_cm":1592,"minecraft:fall_one_cm":335,"minecraft:fly_one_cm":118469},"minecraft:used":{"minecraft:vine":57,"minecraft:mangrove_stairs":12,"minecraft:birch_planks":175,"minecraft:oak_stairs":21,"minecraft:spruce_stairs":29,"minecraft:crimson_door":4,"minecraft:oak_planks":13,"minecraft:spruce_planks":24,"minecraft:chest":3,"minecraft:cherry_planks":39,"minecraft:spruce_fence":28},"minecraft:dropped":{"minecraft:oak_stairs":1}},"DataVersion":3465}