{"stats":{"minecraft:picked_up":{"base_camp:basecamp_treehouse_spruce":1},"minecraft:custom":{"minecraft:jump":73,"minecraft:open_chest":1,"minecraft:time_since_rest":16893,"minecraft:damage_dealt":89,"minecraft:crouch_one_cm":1225,"minecraft:sprint_one_cm":31407,"minecraft:play_time":16893,"minecraft:damage_taken":130,"minecraft:time_since_death":16893,"minecraft:walk_one_cm":19998,"minecraft:sneak_time":626,"minecraft:total_world_time":16893,"minecraft:fall_one_cm":335,"minecraft:fly_one_cm":66426},"minecraft:used":{"minecraft:oak_planks":13,"minecraft:crimson_door":4,"minecraft:chest":3,"minecraft:cherry_planks":39,"minecraft:mangrove_stairs":12,"minecraft:birch_planks":27,"minecraft:spruce_stairs":15}},"DataVersion":3465}