{"stats":{"minecraft:picked_up":{"minecraft:charcoal":3,"minecraft:crafting_table":1,"minecraft:leather_chestplate":1,"minecraft:smithing_table":1,"minecraft:oak_stairs":1,"minecraft:oak_log":18,"piglet_structures:glass_table":6,"minecraft:dirt":4,"minecraft:red_bed":1,"minecraft:leather_boots":1,"minecraft:armor_stand":1,"minecraft:grindstone":1,"frozen_zombie_castle:frozen_rotten_flesh":1,"minecraft:light_gray_wool":3,"minecraft:furnace":1,"minecraft:stick":4,"patchouli:guide_book":4,"base_camp:basecamp_treehouse_spruce":1,"minecraft:spruce_sapling":2,"minecraft:blast_furnace":1,"minecraft:spruce_log":5,"alexsmobs:animal_dictionary":1,"minecraft:decorated_pot":1,"bossominium:the_bossdexium":1,"minecraft:hay_block":11,"alexsmobs:moose_ribs":1,"minecraft:damaged_anvil":1,"minecraft:mutton":1,"minecraft:bricks":1,"minecraft:coal":1,"minecraft:cobblestone":12,"minecraft:white_wool":1},"minecraft:crafted":{"minecraft:crafting_table":1,"minecraft:spruce_planks":20,"minecraft:wooden_pickaxe":1,"crafting_on_a_stick:crafting_table":1,"minecraft:stone_axe":1,"minecraft:bread":21,"minecraft:stick":8,"minecraft:stone_pickaxe":1,"minecraft:stone_sword":1,"minecraft:wheat":63},"minecraft:mined":{"minecraft:smithing_table":1,"minecraft:red_bed":1,"piglet_structures:glass_table":6,"minecraft:powder_snow":3,"minecraft:crafting_table":1,"minecraft:blast_furnace":1,"minecraft:grass_block":1,"minecraft:decorated_pot":1,"minecraft:tall_grass":2,"minecraft:spruce_leaves":2,"minecraft:grindstone":1,"minecraft:damaged_anvil":1,"minecraft:bricks":1,"minecraft:hay_block":11,"minecraft:furnace":1,"minecraft:spruce_log":5,"minecraft:light_gray_wool":3,"minecraft:peony":1,"minecraft:grass":2,"minecraft:coal_ore":1,"minecraft:oak_log":18,"minecraft:dirt":3,"minecraft:stone":12},"minecraft:custom":{"minecraft:mob_kills":5,"minecraft:interact_with_anvil":1,"minecraft:open_barrel":6,"minecraft:pot_flower":1,"minecraft:time_since_death":88893,"minecraft:climb_one_cm":3102,"minecraft:time_since_rest":88893,"minecraft:sprint_one_cm":160818,"minecraft:damage_taken":443,"minecraft:walk_one_cm":96508,"minecraft:drop":3,"minecraft:damage_dealt":1323,"minecraft:fly_one_cm":204927,"minecraft:open_chest":5,"minecraft:crouch_one_cm":13295,"minecraft:play_time":88893,"minecraft:sneak_time":5784,"minecraft:jump":568,"minecraft:walk_on_water_one_cm":23,"minecraft:total_world_time":88893,"minecraft:fall_one_cm":11006},"minecraft:dropped":{"minecraft:oak_stairs":1,"minecraft:wooden_pickaxe":1,"minecraft:spruce_sapling":1},"minecraft:used":{"minecraft:stone_sword":1,"minecraft:birch_planks":185,"minecraft:stone_pickaxe":16,"minecraft:oak_planks":13,"minecraft:spruce_planks":24,"minecraft:chest":5,"minecraft:wooden_pickaxe":8,"minecraft:cherry_planks":39,"minecraft:iron_sword":25,"minecraft:golden_apple":3,"minecraft:dirt":2,"minecraft:vine":118,"minecraft:spruce_stairs":29,"minecraft:spruce_fence":28,"minecraft:mangrove_stairs":12,"minecraft:iron_axe":25,"minecraft:oak_stairs":21,"minecraft:bread":6,"minecraft:stone_axe":1,"minecraft:crimson_door":4},"minecraft:killed":{"luminousworld:frostbitten_zombie":1,"minecraft:sheep":1,"frozen_zombie_castle:frozen_zombie_weapons":2,"alexsmobs:moose":1}},"DataVersion":3465}